// Code generated by tools/genassets; DO NOT EDIT.

package assets

// xorKey 是 Anti-Glance 异或混淆密钥，防杀毒软件扫描只读数据段（.rdata）误报。
var xorKey = []byte{0x78, 0x41, 0x6e, 0x74, 0x69, 0x47, 0x6c, 0x61, 0x6e, 0x63, 0x65}

// obfuscatedData 存储经 XOR 混淆后的资产数据字节流。
var obfuscatedData = map[string][]byte{
	"data/prompt-v2.1.md": {
		0x21, 0x2e, 0x1b, 0x54, 0x08, 0x35, 0x09, 0x41, 0x0f, 0x43, 0x26, 0x2c, 0x07, 0x4e, 0x17, 0x06,
		0x2a, 0x1c, 0x04, 0x1a, 0x0a, 0x11, 0x11, 0x2e, 0x00, 0x54, 0x08, 0x20, 0x09, 0x0f, 0x1a, 0x43,
		0x0c, 0x16, 0x61, 0x0f, 0x54, 0x0f, 0x32, 0x00, 0x0d, 0x17, 0x43, 0x04, 0x11, 0x33, 0x43, 0x13,
		0x08, 0x37, 0x1c, 0x04, 0x0a, 0x43, 0x16, 0x19, 0x2f, 0x0a, 0x16, 0x06, 0x3f, 0x42, 0x41, 0x2b,
		0x15, 0x00, 0x0a, 0x38, 0x4e, 0x00, 0x08, 0x34, 0x07, 0x41, 0x07, 0x10, 0x45, 0x19, 0x61, 0x2d,
		0x20, 0x2f, 0x67, 0x0f, 0x09, 0x0f, 0x0f, 0x09, 0x1d, 0x2f, 0x09, 0x11, 0x52, 0x67, 0x09, 0x17,
		0x0b, 0x11, 0x1c, 0x58, 0x35, 0x0f, 0x06, 0x0e, 0x22, 0x18, 0x41, 0x0f, 0x43, 0x16, 0x01, 0x2f,
		0x1a, 0x1c, 0x0c, 0x33, 0x05, 0x02, 0x4e, 0x05, 0x0c, 0x00, 0x35, 0x1b, 0x06, 0x0c, 0x67, 0x8e,
		0xe1, 0xfa, 0x43, 0x0b, 0x17, 0x61, 0x1e, 0x06, 0x06, 0x23, 0x19, 0x02, 0x1a, 0x0a, 0x0a, 0x16,
		0x61, 0x1a, 0x06, 0x08, 0x21, 0x0a, 0x08, 0x0d, 0x4f, 0x45, 0x0a, 0x24, 0x0f, 0x18, 0x49, 0x32,
		0x1f, 0x04, 0x1c, 0x10, 0x49, 0x58, 0x2e, 0x1c, 0x54, 0x0c, 0x3f, 0x18, 0x04, 0x1c, 0x0d, 0x04,
		0x14, 0x61, 0x07, 0x1a, 0x1d, 0x22, 0x1e, 0x0f, 0x0b, 0x17, 0x4b, 0x58, 0x15, 0x06, 0x11, 0x49,
		0x32, 0x1f, 0x04, 0x1c, 0x43, 0x0c, 0x0b, 0x61, 0x1a, 0x1c, 0x0c, 0x67, 0x2f, 0x35, 0x28, 0x43,
		0x04, 0x1c, 0x2c, 0x07, 0x1a, 0x00, 0x34, 0x18, 0x13, 0x0f, 0x17, 0x0a, 0x0a, 0x7a, 0x4e, 0x17,
		0x01, 0x26, 0x00, 0x0d, 0x0b, 0x0d, 0x02, 0x1d, 0x32, 0x4e, 0x15, 0x1b, 0x22, 0x4c, 0x11, 0x1c,
		0x06, 0x48, 0x19, 0x34, 0x1a, 0x1c, 0x06, 0x35, 0x05, 0x1b, 0x0b, 0x07, 0x4b, 0x72, 0x4b, 0x4d,
		0x57, 0x49, 0x06, 0x2f, 0x35, 0x27, 0x35, 0x24, 0x2c, 0x08, 0x21, 0x3a, 0x63, 0x08, 0x02, 0x41,
		0x1a, 0x0b, 0x00, 0x58, 0x24, 0x16, 0x15, 0x0a, 0x33, 0x4c, 0x12, 0x07, 0x0d, 0x02, 0x14, 0x24,
		0x4e, 0x03, 0x06, 0x35, 0x08, 0x41, 0x4c, 0x0b, 0x00, 0x14, 0x2c, 0x16, 0x56, 0x49, 0x35, 0x09,
		0x11, 0x02, 0x1a, 0x45, 0x37, 0x0f, 0x22, 0x2d, 0x53, 0x67, 0x4e, 0x09, 0x0b, 0x0f, 0x08, 0x55,
		0x39, 0x4e, 0x1b, 0x07, 0x2b, 0x05, 0x0f, 0x0b, 0x4d, 0x45, 0x2a, 0x24, 0x0a, 0x54, 0x1d, 0x22,
		0x0d, 0x0c, 0x4e, 0x0c, 0x15, 0x1d, 0x33, 0x0f, 0x00, 0x06, 0x35, 0x4c, 0x00, 0x0d, 0x17, 0x0c,
		0x0e, 0x24, 0x40, 0x54, 0x28, 0x2b, 0x00, 0x41, 0x1a, 0x02, 0x17, 0x1f, 0x24, 0x1a, 0x07, 0x49,
		0x26, 0x1e, 0x04, 0x4e, 0x05, 0x0c, 0x00, 0x35, 0x1b, 0x06, 0x0c, 0x34, 0x42, 0x41, 0x2f, 0x14,
		0x04, 0x11, 0x35, 0x07, 0x1a, 0x0e, 0x67, 0x18, 0x00, 0x1d, 0x08, 0x4b, 0x5a, 0x61, 0x2f, 0x1a,
		0x10, 0x33, 0x04, 0x08, 0x00, 0x04, 0x45, 0x1d, 0x2d, 0x1d, 0x11, 0x49, 0x2e, 0x1f, 0x41, 0x0f,
		0x43, 0x11, 0x19, 0x32, 0x05, 0x5a, 0x63, 0x4d, 0x4f, 0x42, 0x4e, 0x33, 0x20, 0x2a, 0x12, 0x21,
		0x3a, 0x28, 0x4d, 0x25, 0x41, 0x0f, 0x0e, 0x45, 0x14, 0x34, 0x00, 0x15, 0x49, 0xa5, 0xec, 0xf5,
		0x4e, 0x10, 0x00, 0x16, 0x28, 0x01, 0x06, 0x49, 0x35, 0x09, 0x05, 0x43, 0x17, 0x00, 0x19, 0x2c,
		0x4e, 0x1b, 0x19, 0x22, 0x1e, 0x00, 0x1a, 0x0c, 0x17, 0x58, 0x20, 0x00, 0x10, 0x49, 0x04, 0x38,
		0x27, 0x4e, 0x00, 0x0a, 0x19, 0x22, 0x06, 0x54, 0x00, 0x29, 0x4c, 0x15, 0x06, 0x06, 0x45, 0x14,
		0x20, 0x0c, 0x54, 0x1a, 0x26, 0x02, 0x05, 0x0c, 0x0c, 0x1d, 0x56, 0x61, 0x2c, 0x18, 0x1c, 0x29,
		0x18, 0x4d, 0x4e, 0x05, 0x04, 0x0b, 0x35, 0x42, 0x54, 0x0d, 0x22, 0x09, 0x11, 0x40, 0x43, 0x36,
		0x1d, 0x2d, 0x08, 0x59, 0x1b, 0x22, 0x0a, 0x5b, 0x4e, 0x0f, 0x10, 0x16, 0x20, 0x4e, 0x5b, 0x49,
		0xa1, 0xe4, 0xf0, 0x40, 0x69, 0x6f, 0x3b, 0x2e, 0x0f, 0x17, 0x01, 0x2e, 0x02, 0x06, 0x4e, 0x2a,
		0x36, 0x58, 0x35, 0x06, 0x11, 0x49, 0x2d, 0x03, 0x03, 0x54, 0x43, 0x16, 0x1d, 0x22, 0x1b, 0x06,
		0x00, 0x33, 0x15, 0x4c, 0x0b, 0x0d, 0x02, 0x11, 0x2f, 0x0b, 0x11, 0x1b, 0x2e, 0x02, 0x06, 0x4e,
		0x00, 0x0a, 0x0d, 0x33, 0x1d, 0x11, 0x1e, 0x28, 0x1e, 0x0a, 0x4e, 0x02, 0x11, 0x58, 0x20, 0x00,
		0x0d, 0x49, 0x23, 0x05, 0x07, 0x08, 0x0a, 0x06, 0x0d, 0x2d, 0x1a, 0x0d, 0x49, 0x2e, 0x1f, 0x41,
		0x01, 0x11, 0x01, 0x11, 0x2f, 0x0f, 0x06, 0x10, 0x67, 0x1b, 0x0e, 0x1c, 0x08, 0x4b, 0x58, 0x07,
		0x1b, 0x18, 0x05, 0x67, 0x08, 0x04, 0x1e, 0x17, 0x0d, 0x58, 0x28, 0x1d, 0x54, 0x1d, 0x2f, 0x09,
		0x41, 0x0a, 0x06, 0x09, 0x11, 0x37, 0x0b, 0x06, 0x08, 0x25, 0x00, 0x04, 0x55, 0x43, 0x0d, 0x17,
		0x2d, 0x0a, 0x1d, 0x07, 0x20, 0x4c, 0x03, 0x0f, 0x00, 0x0e, 0x58, 0x23, 0x0b, 0x18, 0x06, 0x29,
		0x0b, 0x12, 0x4e, 0x17, 0x0a, 0x58, 0x35, 0x06, 0x11, 0x49, 0x37, 0x1e, 0x0e, 0x1a, 0x0c, 0x06,
		0x17, 0x2d, 0x4e, 0x18, 0x08, 0x3e, 0x09, 0x13, 0x42, 0x43, 0x0b, 0x1d, 0x37, 0x0b, 0x06, 0x49,
		0x2a, 0x09, 0x4f, 0x64, 0x69, 0x2a, 0x16, 0x24, 0x4e, 0x16, 0x05, 0x32, 0x02, 0x15, 0x4e, 0x0f,
		0x0c, 0x16, 0x24, 0x42, 0x54, 0x1d, 0x2f, 0x09, 0x0f, 0x4e, 0x10, 0x11, 0x0a, 0x20, 0x07, 0x13,
		0x01, 0x33, 0x4c, 0x08, 0x00, 0x17, 0x0a, 0x58, 0x36, 0x01, 0x06, 0x02, 0x69, 0x4c, 0x2f, 0x0b,
		0x15, 0x00, 0x0a, 0x61, 0x0d, 0x01, 0x1a, 0x33, 0x03, 0x0c, 0x0b, 0x11, 0x48, 0x0b, 0x34, 0x1e,
		0x04, 0x06, 0x35, 0x18, 0x41, 0x01, 0x11, 0x45, 0x08, 0x2e, 0x02, 0x1d, 0x0a, 0x3e, 0x4c, 0x02,
		0x01, 0x0e, 0x08, 0x1d, 0x2f, 0x1a, 0x15, 0x1b, 0x3e, 0x42, 0x41, 0x20, 0x06, 0x13, 0x1d, 0x33,
		0x4e, 0x07, 0x08, 0x3e, 0x56, 0x41, 0x8b, 0xdd, 0xed, 0x9e, 0xcb, 0xdf, 0x92, 0xc4, 0xce, 0x4c,
		0x4e, 0x4e, 0x87, 0xd8, 0xe4, 0xa5, 0xd6, 0xce, 0x28, 0x0e, 0x4c, 0x4e, 0x4e, 0x86, 0xde, 0xc2,
		0xa9, 0xc0, 0xda, 0x8c, 0xd5, 0xc4, 0x89, 0xc1, 0xc1, 0x81, 0xc0, 0xd2, 0x8a, 0xcc, 0xf3, 0xa3,
		0xd6, 0xdb, 0x8b, 0xc0, 0xce, 0x58, 0x6e, 0x4e, 0x92, 0xe1, 0xd6, 0x8b, 0xf1, 0xe8, 0x8b, 0xc2,
		0xdb, 0xa5, 0xd3, 0xd4, 0x8e, 0xdd, 0xe8, 0x88, 0xf2, 0xe3, 0x83, 0xc9, 0xc3, 0x4e, 0x5b, 0x49,
		0x34, 0x03, 0x13, 0x1c, 0x1a, 0x45, 0x57, 0x61, 0x27, 0x54, 0x0a, 0x26, 0x02, 0x46, 0x1a, 0x4d,
		0x45, 0x39, 0x32, 0x05, 0x54, 0x06, 0x29, 0x0f, 0x04, 0x4e, 0x0c, 0x0b, 0x14, 0x38, 0x4e, 0x03,
		0x01, 0x22, 0x02, 0x41, 0x1a, 0x11, 0x10, 0x14, 0x38, 0x4e, 0x16, 0x05, 0x28, 0x0f, 0x0a, 0x0b,
		0x07, 0x5e, 0x58, 0x2e, 0x1a, 0x1c, 0x0c, 0x35, 0x1b, 0x08, 0x1d, 0x06, 0x45, 0x19, 0x32, 0x1d,
		0x01, 0x04, 0x22, 0x4c, 0x00, 0x00, 0x07, 0x45, 0x1b, 0x2e, 0x00, 0x00, 0x00, 0x29, 0x19, 0x04,
		0x40, 0x43, 0x21, 0x1d, 0x27, 0x0f, 0x01, 0x05, 0x33, 0x4c, 0x22, 0x06, 0x0a, 0x0b, 0x1d, 0x32,
		0x0b, 0x4f, 0x49, 0x2c, 0x09, 0x04, 0x1e, 0x43, 0x06, 0x17, 0x25, 0x0b, 0x5b, 0x0a, 0x28, 0x01,
		0x0c, 0x0f, 0x0d, 0x01, 0x0b, 0x6e, 0x1e, 0x15, 0x1d, 0x2f, 0x1f, 0x4e, 0x1c, 0x06, 0x02, 0x11,
		0x32, 0x1a, 0x11, 0x1b, 0x34, 0x43, 0x15, 0x01, 0x0c, 0x09, 0x0b, 0x61, 0x01, 0x06, 0x00, 0x20,
		0x05, 0x0f, 0x0f, 0x0f, 0x4b, 0x58, 0x11, 0x0b, 0x06, 0x04, 0x26, 0x02, 0x04, 0x00, 0x17, 0x45,
		0x0b, 0x35, 0x0f, 0x00, 0x0c, 0x7d, 0x4c, 0x0f, 0x01, 0x43, 0x16, 0x0f, 0x28, 0x1a, 0x17, 0x01,
		0x2e, 0x02, 0x06, 0x41, 0x06, 0x1d, 0x11, 0x35, 0x07, 0x1a, 0x0e, 0x69, 0x66, 0x6b, 0x4d, 0x40,
		0x45, 0x2b, 0x02, 0x21, 0x26, 0x20, 0x09, 0x2b, 0x6b, 0x45, 0x52, 0x55, 0x48, 0x61, 0x0b, 0x0c,
		0x0c, 0x24, 0x19, 0x15, 0x0b, 0x43, 0x11, 0x17, 0x2e, 0x02, 0x54, 0x46, 0x67, 0x0f, 0x0e, 0x0a,
		0x06, 0x45, 0x04, 0x61, 0x45, 0x41, 0x59, 0x67, 0x1b, 0x0e, 0x1c, 0x08, 0x0c, 0x16, 0x26, 0x4e,
		0x17, 0x06, 0x23, 0x09, 0x41, 0x01, 0x16, 0x11, 0x08, 0x34, 0x1a, 0x54, 0x15, 0x67, 0x47, 0x59,
		0x5e, 0x43, 0x33, 0x3d, 0x13, 0x27, 0x32, 0x20, 0x02, 0x28, 0x41, 0x0c, 0x0f, 0x0a, 0x1b, 0x2a,
		0x4e, 0x03, 0x00, 0x33, 0x04, 0x41, 0x1c, 0x06, 0x04, 0x14, 0x61, 0x0d, 0x1b, 0x04, 0x2a, 0x0d,
		0x0f, 0x0a, 0x43, 0x4e, 0x58, 0x24, 0x16, 0x1d, 0x1d, 0x4d, 0x41, 0x54, 0x5e, 0x53, 0x45, 0x0a,
		0x24, 0x08, 0x01, 0x1a, 0x26, 0x00, 0x41, 0x46, 0x26, 0x29, 0x31, 0x0c, 0x27, 0x3a, 0x28, 0x13,
		0x25, 0x2e, 0x20, 0x4a, 0x45, 0x04, 0x61, 0x43, 0x46, 0x59, 0x77, 0x4c, 0x11, 0x02, 0x02, 0x0b,
		0x16, 0x28, 0x00, 0x13, 0x49, 0x30, 0x05, 0x15, 0x06, 0x0c, 0x10, 0x0c, 0x61, 0x0f, 0x17, 0x1d,
		0x2e, 0x03, 0x0f, 0x64, 0x4e, 0x54, 0x48, 0x71, 0x4e, 0x12, 0x06, 0x35, 0x0e, 0x08, 0x0a, 0x07,
		0x00, 0x16, 0x61, 0x1d, 0x00, 0x1b, 0x2e, 0x02, 0x06, 0x4e, 0x1f, 0x45, 0x55, 0x74, 0x5e, 0x54,
		0x08, 0x34, 0x07, 0x08, 0x00, 0x04, 0x45, 0x19, 0x34, 0x1a, 0x1c, 0x06, 0x35, 0x05, 0x1b, 0x0f,
		0x17, 0x0c, 0x17, 0x2f, 0x64, 0x26, 0x08, 0x29, 0x07, 0x04, 0x0a, 0x43, 0x46, 0x49, 0x61, 0x01,
		0x12, 0x49, 0x73, 0x5b, 0x5a, 0x4e, 0x11, 0x00, 0x1e, 0x34, 0x1d, 0x15, 0x05, 0x67, 0x1f, 0x15,
		0x1c, 0x06, 0x04, 0x13, 0x61, 0x5e, 0x5a, 0x63, 0x4d, 0x4f, 0x42, 0x4e, 0x2c, 0x30, 0x2c, 0x11,
		0x3b, 0x20, 0x49, 0x0b, 0x23, 0x22, 0x25, 0x69, 0x20, 0x0e, 0x24, 0x1c, 0x0d, 0x49, 0x35, 0x09,
		0x12, 0x1e, 0x0c, 0x0b, 0x0b, 0x24, 0x4e, 0x07, 0x1d, 0x26, 0x1e, 0x15, 0x1d, 0x43, 0x12, 0x11,
		0x35, 0x06, 0x54, 0x08, 0x67, 0x18, 0x0e, 0x01, 0x0f, 0x45, 0x11, 0x2f, 0x18, 0x1b, 0x0a, 0x26,
		0x18, 0x08, 0x01, 0x0d, 0x45, 0x17, 0x33, 0x4e, 0x11, 0x11, 0x22, 0x0f, 0x14, 0x1a, 0x02, 0x07,
		0x14, 0x24, 0x4e, 0x17, 0x06, 0x23, 0x09, 0x5a, 0x4e, 0x13, 0x10, 0x0a, 0x24, 0x4e, 0x10, 0x0c,
		0x34, 0x0f, 0x13, 0x07, 0x13, 0x11, 0x11, 0x2e, 0x00, 0x54, 0x54, 0x67, 0x5c, 0x41, 0x1e, 0x0c,
		0x0c, 0x16, 0x35, 0x1d, 0x5a, 0x63, 0x4d, 0x4f, 0x42, 0x4e, 0x20, 0x2a, 0x35, 0x11, 0x22, 0x31,
		0x3d, 0x0e, 0x23, 0x2f, 0x4e, 0x20, 0x2a, 0x36, 0x15, 0x3c, 0x35, 0x2a, 0x13, 0x66, 0x24, 0x18,
		0x06, 0x17, 0x01, 0x61, 0x1c, 0x11, 0x18, 0x32, 0x09, 0x12, 0x1a, 0x43, 0x0c, 0x0b, 0x61, 0x0f,
		0x54, 0x1d, 0x26, 0x1f, 0x0a, 0x4e, 0x14, 0x0c, 0x0c, 0x29, 0x4e, 0x1b, 0x07, 0x22, 0x4c, 0x0c,
		0x07, 0x10, 0x16, 0x11, 0x2f, 0x09, 0x54, 0x0d, 0x22, 0x00, 0x08, 0x18, 0x06, 0x17, 0x19, 0x23,
		0x02, 0x11, 0x52, 0x67, 0x1f, 0x14, 0x1e, 0x13, 0x09, 0x01, 0x61, 0x07, 0x00, 0x47, 0x67, 0x2e,
		0x08, 0x00, 0x07, 0x45, 0x11, 0x35, 0x4e, 0x00, 0x06, 0x67, 0x18, 0x09, 0x0b, 0x43, 0x01, 0x1d,
		0x2d, 0x07, 0x02, 0x0c, 0x35, 0x0d, 0x03, 0x02, 0x06, 0x45, 0x50, 0x2c, 0x01, 0x10, 0x1c, 0x2b,
		0x09, 0x4e, 0x1d, 0x00, 0x17, 0x11, 0x31, 0x1a, 0x5b, 0x19, 0x26, 0x18, 0x02, 0x06, 0x4c, 0x06,
		0x17, 0x2f, 0x08, 0x1d, 0x0e, 0x68, 0x0d, 0x13, 0x1a, 0x0a, 0x03, 0x19, 0x22, 0x1a, 0x5d, 0x52,
		0x67, 0x08, 0x0e, 0x00, 0x44, 0x11, 0x58, 0x33, 0x0b, 0x07, 0x1d, 0x26, 0x18, 0x04, 0x4e, 0x17,
		0x0d, 0x1d, 0x61, 0x1a, 0x15, 0x1a, 0x2c, 0x4c, 0x0e, 0x1c, 0x43, 0x04, 0x0b, 0x2a, 0x4e, 0x03,
		0x01, 0x28, 0x1f, 0x04, 0x4e, 0x17, 0x04, 0x0a, 0x26, 0x0b, 0x00, 0x49, 0xa5, 0xec, 0xf5, 0x4e,
		0x13, 0x17, 0x17, 0x37, 0x0b, 0x1a, 0x08, 0x29, 0x0f, 0x04, 0x4e, 0x0a, 0x16, 0x58, 0x32, 0x0b,
		0x00, 0x1d, 0x2b, 0x09, 0x05, 0x4e, 0x02, 0x11, 0x58, 0x31, 0x1c, 0x1b, 0x1d, 0x28, 0x0f, 0x0e,
		0x02, 0x43, 0x09, 0x19, 0x38, 0x0b, 0x06, 0x47, 0x67, 0x22, 0x00, 0x03, 0x06, 0x01, 0x58, 0x35,
		0x0b, 0x17, 0x01, 0x29, 0x05, 0x10, 0x1b, 0x06, 0x16, 0x58, 0x26, 0x0b, 0x00, 0x49, 0x2e, 0x01,
		0x11, 0x02, 0x06, 0x08, 0x1d, 0x2f, 0x1a, 0x11, 0x0d, 0x67, 0x09, 0x0f, 0x0a, 0x4e, 0x11, 0x17,
		0x6c, 0x0b, 0x1a, 0x0d, 0x7c, 0x4c, 0x12, 0x1a, 0x16, 0x07, 0x0b, 0x61, 0x0f, 0x1a, 0x0d, 0x67,
		0x4e, 0x12, 0x0f, 0x05, 0x00, 0x55, 0x37, 0x0b, 0x06, 0x1a, 0x2e, 0x03, 0x0f, 0x4c, 0x43, 0x17,
		0x1d, 0x36, 0x1c, 0x1d, 0x1d, 0x22, 0x1f, 0x41, 0x0f, 0x11, 0x00, 0x58, 0x28, 0x00, 0x17, 0x06,
		0x2a, 0x1c, 0x0d, 0x0b, 0x17, 0x00, 0x56, 0x4b, 0x2b, 0x02, 0x00, 0x23, 0x09, 0x0f, 0x0d, 0x06,
		0x45, 0x1b, 0x2e, 0x00, 0x00, 0x1b, 0x26, 0x0f, 0x15, 0x54, 0x69, 0x48, 0x58, 0x0d, 0x0f, 0x16,
		0x0c, 0x2b, 0x4c, 0x0e, 0x0c, 0x10, 0x00, 0x0a, 0x37, 0x0b, 0x10, 0x49, 0x21, 0x0d, 0x02, 0x1a,
		0x10, 0x45, 0x2e, 0x04, 0x3c, 0x3d, 0x2f, 0x0e, 0x29, 0x25, 0x42, 0x43, 0x01, 0x1d, 0x33, 0x07,
		0x02, 0x08, 0x33, 0x05, 0x0e, 0x00, 0x10, 0x45, 0x3b, 0x00, 0x20, 0x30, 0x20, 0x03, 0x2d, 0x35,
		0x2b, 0x4f, 0x45, 0x15, 0x28, 0x1d, 0x07, 0x00, 0x29, 0x0b, 0x41, 0x08, 0x02, 0x06, 0x0c, 0x32,
		0x4e, 0x21, 0x27, 0x15, 0x29, 0x32, 0x21, 0x2f, 0x33, 0x3d, 0x05, 0x40, 0x7e, 0x44, 0x67, 0x2a,
		0x08, 0x00, 0x0a, 0x16, 0x10, 0x61, 0x19, 0x1d, 0x1d, 0x2f, 0x4c, 0x00, 0x4e, 0x35, 0x20, 0x2a,
		0x08, 0x28, 0x3d, 0x2c, 0x03, 0x4c, 0x03, 0x02, 0x0c, 0x06, 0x13, 0x7b, 0x4e, 0x14, 0x55, 0x24,
		0x03, 0x0c, 0x03, 0x02, 0x0b, 0x1c, 0x61, 0x01, 0x06, 0x49, 0x33, 0x09, 0x12, 0x1a, 0x5d, 0x45,
		0x55, 0x7f, 0x4e, 0x48, 0x0c, 0x3f, 0x1c, 0x04, 0x0d, 0x17, 0x00, 0x1c, 0x61, 0x1c, 0x11, 0x1a,
		0x32, 0x00, 0x15, 0x50, 0x43, 0x4d, 0x1d, 0x39, 0x07, 0x00, 0x49, 0x77, 0x45, 0x01, 0x55, 0x43,
		0x03, 0x11, 0x2d, 0x0b, 0x54, 0x0a, 0x2f, 0x0d, 0x0f, 0x09, 0x06, 0x16, 0x58, 0x26, 0x07, 0x02,
		0x0c, 0x67, 0x01, 0x0e, 0x0a, 0x0a, 0x03, 0x11, 0x24, 0x0a, 0x54, 0x19, 0x26, 0x18, 0x09, 0x4e,
		0x48, 0x45, 0x0a, 0x2e, 0x02, 0x18, 0x0b, 0x26, 0x0f, 0x0a, 0x4e, 0x00, 0x0a, 0x15, 0x2c, 0x0f,
		0x1a, 0x0d, 0x67, 0x44, 0x01, 0x3c, 0x2c, 0x29, 0x34, 0x03, 0x2f, 0x37, 0x22, 0x7d, 0x4c, 0x13,
		0x0b, 0x10, 0x11, 0x17, 0x33, 0x0b, 0x54, 0x55, 0x14, 0x2d, 0x2c, 0x3e, 0x2f, 0x20, 0x46, 0x6f,
		0x0c, 0x15, 0x02, 0x67, 0x03, 0x17, 0x0b, 0x11, 0x45, 0x44, 0x12, 0x2f, 0x39, 0x39, 0x0b, 0x29,
		0x5f, 0x0e, 0x4a, 0x4b, 0x72, 0x6c, 0x4e, 0x22, 0x2c, 0x15, 0x25, 0x27, 0x27, 0x26, 0x21, 0x58,
		0x24, 0x18, 0x1d, 0x0d, 0x22, 0x02, 0x02, 0x0b, 0x43, 0x08, 0x0d, 0x32, 0x1a, 0x54, 0x0b, 0x22,
		0x4c, 0x00, 0x00, 0x43, 0x00, 0x00, 0x20, 0x0d, 0x00, 0x49, 0x34, 0x00, 0x08, 0x0d, 0x06, 0x45,
		0x17, 0x27, 0x4e, 0x15, 0x49, 0x35, 0x09, 0x00, 0x02, 0x43, 0x17, 0x1d, 0x22, 0x0b, 0x1d, 0x19,
		0x33, 0x4c, 0x49, 0x0d, 0x0c, 0x08, 0x15, 0x20, 0x00, 0x10, 0x49, 0x6c, 0x4c, 0x0d, 0x07, 0x17,
		0x00, 0x0a, 0x20, 0x02, 0x54, 0x06, 0x32, 0x18, 0x11, 0x1b, 0x17, 0x4c, 0x54, 0x61, 0x00, 0x1b,
		0x49, 0x34, 0x09, 0x0d, 0x08, 0x4e, 0x17, 0x1d, 0x31, 0x01, 0x06, 0x1d, 0x34, 0x42, 0x6b, 0x43,
		0x43, 0x35, 0x14, 0x20, 0x0d, 0x11, 0x01, 0x28, 0x00, 0x05, 0x0b, 0x11, 0x16, 0x42, 0x61, 0x1b,
		0x07, 0x0c, 0x67, 0x3f, 0x20, 0x23, 0x33, 0x29, 0x3d, 0x6d, 0x4e, 0x20, 0x28, 0x15, 0x2b, 0x24,
		0x3a, 0x4f, 0x45, 0x30, 0x0e, 0x3d, 0x20, 0x45, 0x67, 0x3c, 0x2e, 0x3c, 0x37, 0x49, 0x58, 0x0e,
		0x28, 0x32, 0x3a, 0x02, 0x38, 0x4d, 0x4e, 0x30, 0x20, 0x2a, 0x08, 0x2f, 0x38, 0x45, 0x67, 0x38,
		0x2e, 0x25, 0x26, 0x2b, 0x54, 0x61, 0x3e, 0x35, 0x3d, 0x04, 0x24, 0x4d, 0x4e, 0x33, 0x24, 0x21,
		0x0d, 0x21, 0x35, 0x2d, 0x67, 0x0a, 0x0e, 0x1c, 0x43, 0x10, 0x16, 0x2e, 0x0c, 0x07, 0x0c, 0x35,
		0x1a, 0x04, 0x0a, 0x43, 0x13, 0x19, 0x2d, 0x1b, 0x11, 0x1a, 0x7c, 0x4c, 0x0f, 0x0b, 0x15, 0x00,
		0x0a, 0x61, 0x07, 0x1a, 0x1f, 0x22, 0x02, 0x15, 0x4e, 0x16, 0x0b, 0x1b, 0x2e, 0x00, 0x12, 0x00,
		0x35, 0x01, 0x04, 0x0a, 0x43, 0x01, 0x19, 0x35, 0x0f, 0x5a, 0x63, 0x6a, 0x4c, 0x2c, 0x01, 0x0e,
		0x00, 0x16, 0x35, 0x1b, 0x19, 0x53, 0x67, 0x0e, 0x0d, 0x01, 0x00, 0x0e, 0x1d, 0x25, 0x4e, 0x07,
		0x1d, 0x22, 0x1c, 0x41, 0x43, 0x5d, 0x45, 0x1c, 0x24, 0x02, 0x1d, 0x1f, 0x22, 0x1e, 0x41, 0x00,
		0x06, 0x04, 0x0a, 0x24, 0x1d, 0x00, 0x49, 0x32, 0x1f, 0x04, 0x08, 0x16, 0x09, 0x58, 0x22, 0x01,
		0x19, 0x19, 0x28, 0x02, 0x04, 0x00, 0x17, 0x45, 0x50, 0x31, 0x0f, 0x06, 0x1a, 0x22, 0x1e, 0x4e,
		0x06, 0x02, 0x17, 0x16, 0x24, 0x1d, 0x07, 0x46, 0x34, 0x0f, 0x13, 0x07, 0x13, 0x11, 0x57, 0x22,
		0x01, 0x19, 0x04, 0x26, 0x02, 0x05, 0x47, 0x4f, 0x45, 0x1c, 0x2e, 0x00, 0x53, 0x1d, 0x67, 0x09,
		0x0f, 0x0a, 0x43, 0x11, 0x19, 0x32, 0x05, 0x5a, 0x63, 0x4d, 0x4f, 0x42, 0x4e, 0x2d, 0x2a, 0x2a,
		0x0c, 0x2f, 0x38, 0x20, 0x1d, 0x29, 0x33, 0x64, 0x20, 0x09, 0x19, 0x32, 0x1d, 0x1d, 0x0f, 0x3e,
		0x4c, 0x13, 0x0b, 0x12, 0x10, 0x1d, 0x32, 0x1a, 0x07, 0x49, 0x25, 0x15, 0x41, 0x0d, 0x0c, 0x0b,
		0x1b, 0x33, 0x0b, 0x00, 0x0c, 0x67, 0x09, 0x0f, 0x09, 0x0a, 0x0b, 0x1d, 0x24, 0x1c, 0x1d, 0x07,
		0x20, 0x4c, 0x06, 0x01, 0x02, 0x09, 0x58, 0x20, 0x00, 0x10, 0x49, 0x23, 0x09, 0x0d, 0x07, 0x15,
		0x00, 0x0a, 0x20, 0x0c, 0x18, 0x0c, 0x67, 0x8e, 0xe1, 0xfa, 0x43, 0x0b, 0x1d, 0x37, 0x0b, 0x06,
		0x49, 0x25, 0x15, 0x41, 0x19, 0x0c, 0x17, 0x1c, 0x28, 0x00, 0x13, 0x47, 0x67, 0x38, 0x13, 0x0f,
		0x0d, 0x16, 0x14, 0x20, 0x1a, 0x11, 0x49, 0x2e, 0x02, 0x15, 0x01, 0x43, 0x16, 0x0c, 0x20, 0x00,
		0x10, 0x08, 0x35, 0x08, 0x41, 0x1d, 0x1a, 0x16, 0x0c, 0x24, 0x03, 0x07, 0x46, 0x20, 0x1e, 0x00,
		0x1e, 0x0b, 0x0c, 0x1b, 0x32, 0x41, 0x1f, 0x0c, 0x35, 0x02, 0x04, 0x02, 0x4c, 0x0b, 0x1d, 0x35,
		0x19, 0x1b, 0x1b, 0x2c, 0x05, 0x0f, 0x09, 0x43, 0x13, 0x17, 0x22, 0x0f, 0x16, 0x1c, 0x2b, 0x0d,
		0x13, 0x17, 0x43, 0x04, 0x16, 0x25, 0x4e, 0x15, 0x07, 0x34, 0x1b, 0x04, 0x1c, 0x43, 0x04, 0x1f,
		0x20, 0x07, 0x1a, 0x1a, 0x33, 0x4c, 0x13, 0x0b, 0x02, 0x09, 0x58, 0x00, 0x3e, 0x3d, 0x1a, 0x69,
		0x4c, 0x25, 0x01, 0x0d, 0x42, 0x0c, 0x61, 0x1c, 0x11, 0x19, 0x22, 0x0d, 0x15, 0x4e, 0x10, 0x09,
		0x19, 0x2f, 0x09, 0x54, 0x06, 0x35, 0x4c, 0x0d, 0x01, 0x02, 0x01, 0x1d, 0x25, 0x4e, 0x18, 0x08,
		0x25, 0x09, 0x0d, 0x1d, 0x58, 0x45, 0x0d, 0x32, 0x0b, 0x54, 0x0c, 0x29, 0x0b, 0x08, 0x00, 0x06,
		0x00, 0x0a, 0x28, 0x00, 0x13, 0x49, 0x33, 0x09, 0x13, 0x03, 0x10, 0x4b, 0x58, 0x15, 0x06, 0x1d,
		0x07, 0x2c, 0x40, 0x41, 0x1a, 0x0b, 0x00, 0x16, 0x61, 0x0a, 0x11, 0x05, 0x2e, 0x1a, 0x04, 0x1c,
		0x43, 0x12, 0x11, 0x35, 0x06, 0x1b, 0x1c, 0x33, 0x4c, 0x00, 0x1d, 0x08, 0x0c, 0x16, 0x26, 0x40,
		0x7e, 0x63, 0x64, 0x4f, 0x41, 0x28, 0x2c, 0x37, 0x3a, 0x08, 0x2a, 0x30, 0x2c, 0x09, 0x4c, 0x32,
		0x3a, 0x31, 0x2c, 0x36, 0x06, 0x3d, 0x7e, 0x8d, 0xff, 0xe1, 0x89, 0xed, 0xde, 0x45, 0x9e, 0xd6,
		0xce, 0x92, 0xda, 0xd2, 0x4c, 0x85, 0xd6, 0xee, 0x81, 0xc4, 0xdb, 0x4e, 0x90, 0xd1, 0xca, 0x89,
		0xfd, 0xc6, 0x86, 0xe8, 0xf7, 0xa4, 0xe4, 0xdd, 0x49, 0xa3, 0xd4, 0xec, 0x88, 0xec, 0xf5, 0x9c,
		0xff, 0xf5, 0x54, 0x8d, 0xff, 0xe1, 0x84, 0xe1, 0xcc, 0x81, 0xc3, 0xe4, 0x4e, 0x90, 0xd1, 0xca,
		0x89, 0xec, 0xe1, 0x86, 0xef, 0xd1, 0x61, 0x8a, 0xcc, 0xe4, 0xa2, 0xe4, 0xd7, 0x8a, 0xde, 0xf9,
		0x58, 0xa5, 0xd6, 0xf9, 0x8e, 0xd3, 0xf3, 0x87, 0xe6, 0xf3, 0x45, 0x9c, 0xf9, 0xe3, 0x91, 0xef,
		0xde, 0x4c, 0x85, 0xd6, 0xee, 0x83, 0xec, 0xf8, 0x4e, 0x90, 0xd1, 0xca, 0x88, 0xdb, 0xe6, 0x69,
		0x2c, 0x58, 0x22, 0x0f, 0x1a, 0x4e, 0x33, 0x4c, 0x28, 0x4e, 0x00, 0x04, 0x16, 0x2f, 0x01, 0x00,
		0x49, 0x30, 0x03, 0x0f, 0x49, 0x17, 0x45, 0x0a, 0x24, 0x08, 0x01, 0x1a, 0x22, 0x4c, 0x14, 0x00,
		0x02, 0x07, 0x14, 0x24, 0x4e, 0x10, 0x0c, 0x24, 0x00, 0x08, 0x00, 0x06, 0x6f, 0x9d, 0xfa, 0xd4,
		0x9c, 0xc7, 0xe9, 0x4c, 0x08, 0x00, 0x10, 0x11, 0x1d, 0x20, 0x0a, 0x54, 0x1a, 0x32, 0x0b, 0x06,
		0x0b, 0x10, 0x11, 0x58, 0x20, 0x02, 0x00, 0x0c, 0x35, 0x02, 0x00, 0x1a, 0x0a, 0x13, 0x1d, 0x61,
		0x1c, 0x11, 0x0a, 0x28, 0x01, 0x0c, 0x0b, 0x0d, 0x01, 0x58, 0xa7, 0xf5, 0xcb, 0x8d, 0xfc, 0xcf,
		0x41, 0x8b, 0xec, 0xca, 0x9c, 0xfa, 0xcb, 0x92, 0xfd, 0xfe, 0x88, 0xd9, 0xd4, 0x69, 0x83, 0xf6,
		0xc9, 0x88, 0xe9, 0xea, 0x67, 0x0d, 0x14, 0x1a, 0x0b, 0x0a, 0x0a, 0x28, 0x14, 0x15, 0x1d, 0x2e,
		0x03, 0x0f, 0x4e, 0x13, 0x00, 0x0a, 0x2c, 0x07, 0x07, 0x1a, 0x2e, 0x03, 0x0f, 0x4e, 0x8b, 0xcb,
		0xc0, 0xa4, 0xe1, 0xdb, 0x49, 0xa2, 0xe9, 0xcd, 0x89, 0xde, 0xf4, 0x58, 0xa6, 0xc2, 0xd8, 0x8d,
		0xff, 0xe5, 0x87, 0xf8, 0xda, 0x45, 0x9d, 0xd4, 0xe8, 0x90, 0xd1, 0xdd, 0x4c, 0x86, 0xc5, 0xfa,
		0x82, 0xfa, 0xf8, 0x88, 0xfd, 0xe9, 0xa1, 0xf0, 0xe8, 0x86, 0xe3, 0xe0, 0x72, 0xa8, 0xf3, 0xea,
		0x8d, 0xf9, 0xd9, 0x84, 0xeb, 0xc6, 0x45, 0x90, 0xe3, 0xc5, 0x91, 0xe3, 0xef, 0x4c, 0x84, 0xc0,
		0xea, 0x80, 0xfd, 0xe9, 0x89, 0xfd, 0xe1, 0xa1, 0xf0, 0xcd, 0x4e, 0x86, 0xf5, 0xf0, 0xa9, 0xc9,
		0xf0, 0x49, 0xa2, 0xfc, 0xe9, 0x88, 0xd0, 0xf0, 0x58, 0xa9, 0xd1, 0xe9, 0x8c, 0xc8, 0xe1, 0x41,
		0x8a, 0xdb, 0xe8, 0x91, 0xc0, 0xfd, 0x91, 0xd7, 0xf0, 0x4c, 0x12, 0x01, 0x11, 0x17, 0x01, 0x61,
		0x0f, 0x04, 0x06, 0x2b, 0x03, 0x06, 0x07, 0x19, 0x00, 0x72, 0x4b, 0x4d, 0x57, 0x49, 0x13, 0x29,
		0x22, 0x26, 0x2d, 0x2c, 0x3b, 0x00, 0x22, 0x54, 0x2d, 0x08, 0x21, 0x20, 0x27, 0x2d, 0x36, 0x72,
		0x11, 0x19, 0x1a, 0x53, 0x67, 0x1e, 0x04, 0x1a, 0x51, 0x09, 0x11, 0x23, 0x0d, 0x5b, 0x1b, 0x22,
		0x18, 0x53, 0x0d, 0x10, 0x10, 0x57, 0x33, 0x0b, 0x00, 0x5b, 0x23, 0x00, 0x13, 0x0b, 0x10, 0x0a,
		0x14, 0x37, 0x0b, 0x58, 0x49, 0x15, 0x23, 0x31, 0x41, 0x29, 0x2a, 0x28, 0x6e, 0x3d, 0x26, 0x26,
		0x17, 0x40, 0x41, 0x1d, 0x17, 0x04, 0x1b, 0x2a, 0x4e, 0x04, 0x00, 0x31, 0x03, 0x15, 0x07, 0x0d,
		0x02, 0x54, 0x61, 0x0d, 0x1b, 0x07, 0x34, 0x18, 0x13, 0x0f, 0x0a, 0x0b, 0x1d, 0x25, 0x43, 0x17,
		0x06, 0x23, 0x09, 0x41, 0x02, 0x0c, 0x04, 0x1c, 0x24, 0x1c, 0x07, 0x45, 0x67, 0x04, 0x04, 0x0f,
		0x13, 0x45, 0x0c, 0x22, 0x0f, 0x17, 0x01, 0x22, 0x43, 0x07, 0x0f, 0x10, 0x11, 0x1a, 0x28, 0x00,
		0x58, 0x49, 0x06, 0x3f, 0x2d, 0x3c, 0x4c, 0x2b, 0x20, 0x4b, 0x2f, 0x1a, 0x1d, 0x2e, 0x41, 0x02,
		0x06, 0x06, 0x04, 0x0c, 0x61, 0x48, 0x54, 0x2e, 0x26, 0x01, 0x04, 0x54, 0x43, 0x06, 0x19, 0x2d,
		0x02, 0x16, 0x08, 0x24, 0x07, 0x41, 0x1c, 0x06, 0x02, 0x11, 0x32, 0x1a, 0x06, 0x08, 0x33, 0x05,
		0x0e, 0x00, 0x43, 0x4d, 0x28, 0x32, 0x3d, 0x11, 0x1d, 0x04, 0x1e, 0x04, 0x0f, 0x17, 0x00, 0x28,
		0x33, 0x01, 0x17, 0x0c, 0x34, 0x1f, 0x2f, 0x01, 0x17, 0x0c, 0x1e, 0x38, 0x3c, 0x1b, 0x1c, 0x33,
		0x05, 0x0f, 0x0b, 0x4c, 0x2a, 0x1a, 0x13, 0x0b, 0x13, 0x00, 0x34, 0x18, 0x04, 0x1c, 0x20, 0x04,
		0x14, 0x2d, 0x0c, 0x15, 0x0a, 0x2c, 0x1f, 0x48, 0x42, 0x43, 0x01, 0x0a, 0x28, 0x18, 0x11, 0x1b,
		0x67, 0x05, 0x0f, 0x1a, 0x06, 0x17, 0x16, 0x20, 0x02, 0x07, 0x45, 0x67, 0x09, 0x0f, 0x1a, 0x0a,
		0x11, 0x01, 0x61, 0x02, 0x1d, 0x1a, 0x33, 0x40, 0x41, 0x18, 0x0a, 0x00, 0x0f, 0x6e, 0x0c, 0x1b,
		0x07, 0x22, 0x4c, 0x0c, 0x0f, 0x17, 0x17, 0x11, 0x39, 0x42, 0x54, 0x3e, 0x75, 0x3f, 0x6b, 0x27,
		0x0d, 0x0f, 0x1d, 0x22, 0x1a, 0x1d, 0x06, 0x29, 0x4c, 0x47, 0x4e, 0x2e, 0x00, 0x15, 0x2e, 0x1c,
		0x0d, 0x53, 0x67, 0x2f, 0x13, 0x0b, 0x02, 0x11, 0x1d, 0x13, 0x0b, 0x19, 0x06, 0x33, 0x09, 0x35,
		0x06, 0x11, 0x00, 0x19, 0x25, 0x42, 0x54, 0x04, 0x26, 0x02, 0x14, 0x0f, 0x0f, 0x45, 0x15, 0x20,
		0x1e, 0x58, 0x49, 0x35, 0x09, 0x07, 0x02, 0x06, 0x06, 0x0c, 0x28, 0x18, 0x11, 0x49, 0x03, 0x20,
		0x2d, 0x42, 0x43, 0x24, 0x28, 0x02, 0x4e, 0x05, 0x1c, 0x22, 0x19, 0x04, 0x42, 0x43, 0x37, 0x28,
		0x0c, 0x41, 0x23, 0x39, 0x0a, 0x40, 0x41, 0x2f, 0x2c, 0x27, 0x54, 0x61, 0x1e, 0x1b, 0x00, 0x29,
		0x18, 0x04, 0x1c, 0x43, 0x06, 0x10, 0x20, 0x07, 0x1a, 0x1a, 0x6b, 0x4c, 0x27, 0x1c, 0x0a, 0x01,
		0x19, 0x6e, 0x2d, 0x31, 0x63, 0x14, 0x15, 0x12, 0x1a, 0x06, 0x08, 0x0b, 0x61, 0x48, 0x54, 0x3b,
		0x22, 0x1a, 0x04, 0x1c, 0x10, 0x00, 0x42, 0x61, 0x03, 0x1b, 0x0d, 0x32, 0x00, 0x04, 0x41, 0x06,
		0x0b, 0x1b, 0x33, 0x17, 0x04, 0x1d, 0x2e, 0x03, 0x0f, 0x4e, 0x07, 0x00, 0x0b, 0x28, 0x09, 0x1a,
		0x45, 0x67, 0x1c, 0x04, 0x1c, 0x10, 0x0c, 0x0b, 0x35, 0x0b, 0x1a, 0x0a, 0x22, 0x4c, 0x02, 0x06,
		0x02, 0x0c, 0x16, 0x32, 0x42, 0x54, 0x1c, 0x29, 0x1c, 0x00, 0x0d, 0x08, 0x0c, 0x16, 0x26, 0x42,
		0x54, 0x0a, 0x28, 0x02, 0x07, 0x07, 0x04, 0x45, 0x1d, 0x39, 0x1a, 0x06, 0x08, 0x24, 0x18, 0x08,
		0x01, 0x0d, 0x49, 0x58, 0x31, 0x1c, 0x1b, 0x1d, 0x28, 0x0f, 0x0e, 0x02, 0x43, 0x01, 0x1d, 0x22,
		0x01, 0x10, 0x00, 0x29, 0x0b, 0x5a, 0x4e, 0x2a, 0x21, 0x39, 0x6e, 0x29, 0x1c, 0x00, 0x23, 0x1e,
		0x00, 0x42, 0x43, 0x15, 0x19, 0x35, 0x0d, 0x1c, 0x00, 0x29, 0x0b, 0x4d, 0x4e, 0x0f, 0x0c, 0x1b,
		0x24, 0x00, 0x07, 0x0c, 0x67, 0x1e, 0x04, 0x0d, 0x0c, 0x13, 0x1d, 0x33, 0x17, 0x7e, 0x63, 0x64,
		0x4f, 0x41, 0x2b, 0x3b, 0x20, 0x3b, 0x14, 0x3a, 0x31, 0x49, 0x22, 0x02, 0x05, 0x43, 0x17, 0x0a,
		0x55, 0x24, 0x00, 0x10, 0x47, 0x67, 0x3f, 0x02, 0x01, 0x11, 0x00, 0x58, 0x31, 0x01, 0x1d, 0x07,
		0x33, 0x1f, 0x4f, 0x4e, 0x27, 0x0a, 0x58, 0x2f, 0x01, 0x00, 0x49, 0x20, 0x09, 0x15, 0x4e, 0x06,
		0x09, 0x11, 0x2c, 0x07, 0x1a, 0x08, 0x33, 0x09, 0x05, 0x40, 0x69,
	},
	"data/prompt-v2.md": {
		0x21, 0x2e, 0x1b, 0x54, 0x08, 0x35, 0x09, 0x41, 0x0f, 0x43, 0x26, 0x2c, 0x07, 0x4e, 0x17, 0x06,
		0x2a, 0x1c, 0x04, 0x1a, 0x0a, 0x11, 0x11, 0x2e, 0x00, 0x54, 0x08, 0x20, 0x09, 0x0f, 0x1a, 0x43,
		0x0c, 0x16, 0x61, 0x0f, 0x54, 0x0f, 0x32, 0x00, 0x0d, 0x17, 0x43, 0x04, 0x11, 0x33, 0x43, 0x13,
		0x08, 0x37, 0x1c, 0x04, 0x0a, 0x43, 0x16, 0x19, 0x2f, 0x0a, 0x16, 0x06, 0x3f, 0x42, 0x41, 0x2b,
		0x15, 0x00, 0x0a, 0x38, 0x4e, 0x00, 0x08, 0x34, 0x07, 0x41, 0x07, 0x10, 0x45, 0x19, 0x61, 0x2d,
		0x20, 0x2f, 0x67, 0x0f, 0x09, 0x0f, 0x0f, 0x09, 0x1d, 0x2f, 0x09, 0x11, 0x52, 0x67, 0x09, 0x17,
		0x0b, 0x11, 0x1c, 0x58, 0x35, 0x0f, 0x06, 0x0e, 0x22, 0x18, 0x41, 0x0f, 0x43, 0x16, 0x01, 0x2f,
		0x1a, 0x1c, 0x0c, 0x33, 0x05, 0x02, 0x4e, 0x05, 0x0c, 0x00, 0x35, 0x1b, 0x06, 0x0c, 0x67, 0x8e,
		0xe1, 0xfa, 0x43, 0x0b, 0x17, 0x61, 0x1e, 0x06, 0x06, 0x23, 0x19, 0x02, 0x1a, 0x0a, 0x0a, 0x16,
		0x61, 0x1a, 0x06, 0x08, 0x21, 0x0a, 0x08, 0x0d, 0x4f, 0x45, 0x0a, 0x24, 0x0f, 0x18, 0x49, 0x32,
		0x1f, 0x04, 0x1c, 0x10, 0x49, 0x58, 0x2e, 0x1c, 0x54, 0x0c, 0x3f, 0x18, 0x04, 0x1c, 0x0d, 0x04,
		0x14, 0x61, 0x07, 0x1a, 0x1d, 0x22, 0x1e, 0x0f, 0x0b, 0x17, 0x4b, 0x58, 0x15, 0x06, 0x11, 0x49,
		0x32, 0x1f, 0x04, 0x1c, 0x43, 0x0c, 0x0b, 0x61, 0x1a, 0x1c, 0x0c, 0x67, 0x2f, 0x35, 0x28, 0x43,
		0x04, 0x1c, 0x2c, 0x07, 0x1a, 0x00, 0x34, 0x18, 0x13, 0x0f, 0x17, 0x0a, 0x0a, 0x7a, 0x4e, 0x17,
		0x01, 0x26, 0x00, 0x0d, 0x0b, 0x0d, 0x02, 0x1d, 0x32, 0x4e, 0x15, 0x1b, 0x22, 0x4c, 0x11, 0x1c,
		0x06, 0x48, 0x19, 0x34, 0x1a, 0x1c, 0x06, 0x35, 0x05, 0x1b, 0x0b, 0x07, 0x4b, 0x72, 0x4b, 0x4d,
		0x57, 0x49, 0x06, 0x2f, 0x35, 0x27, 0x35, 0x24, 0x2c, 0x08, 0x21, 0x3a, 0x63, 0x08, 0x02, 0x41,
		0x1a, 0x0b, 0x00, 0x58, 0x24, 0x16, 0x15, 0x0a, 0x33, 0x4c, 0x12, 0x07, 0x0d, 0x02, 0x14, 0x24,
		0x4e, 0x03, 0x06, 0x35, 0x08, 0x41, 0x4c, 0x0b, 0x00, 0x14, 0x2c, 0x16, 0x56, 0x49, 0x35, 0x09,
		0x11, 0x02, 0x1a, 0x45, 0x37, 0x0f, 0x22, 0x2d, 0x53, 0x67, 0x4e, 0x09, 0x0b, 0x0f, 0x08, 0x55,
		0x39, 0x4e, 0x1b, 0x07, 0x2b, 0x05, 0x0f, 0x0b, 0x4d, 0x45, 0x2a, 0x24, 0x0a, 0x54, 0x1d, 0x22,
		0x0d, 0x0c, 0x4e, 0x0c, 0x15, 0x1d, 0x33, 0x0f, 0x00, 0x06, 0x35, 0x4c, 0x00, 0x0d, 0x17, 0x0c,
		0x0e, 0x24, 0x40, 0x54, 0x28, 0x2b, 0x00, 0x41, 0x1a, 0x02, 0x17, 0x1f, 0x24, 0x1a, 0x07, 0x49,
		0x26, 0x1e, 0x04, 0x4e, 0x05, 0x0c, 0x00, 0x35, 0x1b, 0x06, 0x0c, 0x34, 0x42, 0x41, 0x2f, 0x14,
		0x04, 0x11, 0x35, 0x07, 0x1a, 0x0e, 0x67, 0x18, 0x00, 0x1d, 0x08, 0x4b, 0x5a, 0x61, 0x2f, 0x1a,
		0x10, 0x33, 0x04, 0x08, 0x00, 0x04, 0x45, 0x1d, 0x2d, 0x1d, 0x11, 0x49, 0x2e, 0x1f, 0x41, 0x0f,
		0x43, 0x11, 0x19, 0x32, 0x05, 0x5a, 0x63, 0x4d, 0x4f, 0x42, 0x4e, 0x33, 0x20, 0x2a, 0x12, 0x21,
		0x3a, 0x28, 0x4d, 0x25, 0x41, 0x0f, 0x0e, 0x45, 0x14, 0x34, 0x00, 0x15, 0x49, 0xa5, 0xec, 0xf5,
		0x4e, 0x10, 0x00, 0x16, 0x28, 0x01, 0x06, 0x49, 0x35, 0x09, 0x05, 0x43, 0x17, 0x00, 0x19, 0x2c,
		0x4e, 0x1b, 0x19, 0x22, 0x1e, 0x00, 0x1a, 0x0c, 0x17, 0x58, 0x20, 0x00, 0x10, 0x49, 0x04, 0x38,
		0x27, 0x4e, 0x00, 0x0a, 0x19, 0x22, 0x06, 0x54, 0x00, 0x29, 0x4c, 0x15, 0x06, 0x06, 0x45, 0x14,
		0x20, 0x0c, 0x54, 0x1a, 0x26, 0x02, 0x05, 0x0c, 0x0c, 0x1d, 0x56, 0x61, 0x2c, 0x18, 0x1c, 0x29,
		0x18, 0x4d, 0x4e, 0x05, 0x04, 0x0b, 0x35, 0x42, 0x54, 0x0d, 0x22, 0x09, 0x11, 0x40, 0x43, 0x36,
		0x1d, 0x2d, 0x08, 0x59, 0x1b, 0x22, 0x0a, 0x5b, 0x4e, 0x0f, 0x10, 0x16, 0x20, 0x4e, 0x5b, 0x49,
		0xa1, 0xe4, 0xf0, 0x40, 0x69, 0x6f, 0x3b, 0x2e, 0x0f, 0x17, 0x01, 0x2e, 0x02, 0x06, 0x4e, 0x2a,
		0x36, 0x58, 0x35, 0x06, 0x11, 0x49, 0x2d, 0x03, 0x03, 0x54, 0x43, 0x16, 0x1d, 0x22, 0x1b, 0x06,
		0x00, 0x33, 0x15, 0x4c, 0x0b, 0x0d, 0x02, 0x11, 0x2f, 0x0b, 0x11, 0x1b, 0x2e, 0x02, 0x06, 0x4e,
		0x00, 0x0a, 0x0d, 0x33, 0x1d, 0x11, 0x1e, 0x28, 0x1e, 0x0a, 0x4e, 0x02, 0x11, 0x58, 0x20, 0x00,
		0x0d, 0x49, 0x23, 0x05, 0x07, 0x08, 0x0a, 0x06, 0x0d, 0x2d, 0x1a, 0x0d, 0x49, 0x2e, 0x1f, 0x41,
		0x01, 0x11, 0x01, 0x11, 0x2f, 0x0f, 0x06, 0x10, 0x67, 0x1b, 0x0e, 0x1c, 0x08, 0x4b, 0x58, 0x07,
		0x1b, 0x18, 0x05, 0x67, 0x08, 0x04, 0x1e, 0x17, 0x0d, 0x58, 0x28, 0x1d, 0x54, 0x1d, 0x2f, 0x09,
		0x41, 0x0a, 0x06, 0x09, 0x11, 0x37, 0x0b, 0x06, 0x08, 0x25, 0x00, 0x04, 0x55, 0x43, 0x0d, 0x17,
		0x2d, 0x0a, 0x1d, 0x07, 0x20, 0x4c, 0x03, 0x0f, 0x00, 0x0e, 0x58, 0x23, 0x0b, 0x18, 0x06, 0x29,
		0x0b, 0x12, 0x4e, 0x17, 0x0a, 0x58, 0x35, 0x06, 0x11, 0x49, 0x37, 0x1e, 0x0e, 0x1a, 0x0c, 0x06,
		0x17, 0x2d, 0x4e, 0x18, 0x08, 0x3e, 0x09, 0x13, 0x42, 0x43, 0x0b, 0x1d, 0x37, 0x0b, 0x06, 0x49,
		0x2a, 0x09, 0x4f, 0x64, 0x69, 0x2a, 0x16, 0x24, 0x4e, 0x16, 0x05, 0x32, 0x02, 0x15, 0x4e, 0x0f,
		0x0c, 0x16, 0x24, 0x42, 0x54, 0x1d, 0x2f, 0x09, 0x0f, 0x4e, 0x10, 0x11, 0x0a, 0x20, 0x07, 0x13,
		0x01, 0x33, 0x4c, 0x08, 0x00, 0x17, 0x0a, 0x58, 0x36, 0x01, 0x06, 0x02, 0x69, 0x4c, 0x2f, 0x0b,
		0x15, 0x00, 0x0a, 0x61, 0x0d, 0x01, 0x1a, 0x33, 0x03, 0x0c, 0x0b, 0x11, 0x48, 0x0b, 0x34, 0x1e,
		0x04, 0x06, 0x35, 0x18, 0x41, 0x01, 0x11, 0x45, 0x08, 0x2e, 0x02, 0x1d, 0x0a, 0x3e, 0x4c, 0x02,
		0x01, 0x0e, 0x08, 0x1d, 0x2f, 0x1a, 0x15, 0x1b, 0x3e, 0x42, 0x41, 0x20, 0x06, 0x13, 0x1d, 0x33,
		0x4e, 0x07, 0x08, 0x3e, 0x56, 0x41, 0x8b, 0xdd, 0xed, 0x9e, 0xcb, 0xdf, 0x92, 0xc4, 0xce, 0x4c,
		0x4e, 0x4e, 0x87, 0xd8, 0xe4, 0xa5, 0xd6, 0xce, 0x28, 0x0e, 0x4c, 0x4e, 0x4e, 0x86, 0xde, 0xc2,
		0xa9, 0xc0, 0xda, 0x8c, 0xd5, 0xc4, 0x89, 0xc1, 0xc1, 0x81, 0xc0, 0xd2, 0x8a, 0xcc, 0xf3, 0xa3,
		0xd6, 0xdb, 0x8b, 0xc0, 0xce, 0x58, 0x6e, 0x4e, 0x92, 0xe1, 0xd6, 0x8b, 0xf1, 0xe8, 0x8b, 0xc2,
		0xdb, 0xa5, 0xd3, 0xd4, 0x8e, 0xdd, 0xe8, 0x88, 0xf2, 0xe3, 0x83, 0xc9, 0xc3, 0x4e, 0x5b, 0x49,
		0x34, 0x03, 0x13, 0x1c, 0x1a, 0x45, 0x57, 0x61, 0x27, 0x54, 0x0a, 0x26, 0x02, 0x46, 0x1a, 0x4d,
		0x45, 0x39, 0x32, 0x05, 0x54, 0x06, 0x29, 0x0f, 0x04, 0x4e, 0x0c, 0x0b, 0x14, 0x38, 0x4e, 0x03,
		0x01, 0x22, 0x02, 0x41, 0x1a, 0x11, 0x10, 0x14, 0x38, 0x4e, 0x16, 0x05, 0x28, 0x0f, 0x0a, 0x0b,
		0x07, 0x5e, 0x58, 0x2e, 0x1a, 0x1c, 0x0c, 0x35, 0x1b, 0x08, 0x1d, 0x06, 0x45, 0x19, 0x32, 0x1d,
		0x01, 0x04, 0x22, 0x4c, 0x00, 0x00, 0x07, 0x45, 0x1b, 0x2e, 0x00, 0x00, 0x00, 0x29, 0x19, 0x04,
		0x40, 0x43, 0x21, 0x1d, 0x27, 0x0f, 0x01, 0x05, 0x33, 0x4c, 0x22, 0x06, 0x0a, 0x0b, 0x1d, 0x32,
		0x0b, 0x4f, 0x49, 0x2c, 0x09, 0x04, 0x1e, 0x43, 0x06, 0x17, 0x25, 0x0b, 0x5b, 0x0a, 0x28, 0x01,
		0x0c, 0x0f, 0x0d, 0x01, 0x0b, 0x6e, 0x1e, 0x15, 0x1d, 0x2f, 0x1f, 0x4e, 0x1c, 0x06, 0x02, 0x11,
		0x32, 0x1a, 0x11, 0x1b, 0x34, 0x43, 0x15, 0x01, 0x0c, 0x09, 0x0b, 0x61, 0x01, 0x06, 0x00, 0x20,
		0x05, 0x0f, 0x0f, 0x0f, 0x4b, 0x58, 0x11, 0x0b, 0x06, 0x04, 0x26, 0x02, 0x04, 0x00, 0x17, 0x45,
		0x0b, 0x35, 0x0f, 0x00, 0x0c, 0x7d, 0x4c, 0x0f, 0x01, 0x43, 0x16, 0x0f, 0x28, 0x1a, 0x17, 0x01,
		0x2e, 0x02, 0x06, 0x41, 0x06, 0x1d, 0x11, 0x35, 0x07, 0x1a, 0x0e, 0x69, 0x66, 0x6b, 0x4d, 0x40,
		0x45, 0x2b, 0x02, 0x21, 0x26, 0x20, 0x09, 0x2b, 0x6b, 0x45, 0x52, 0x55, 0x48, 0x61, 0x0b, 0x0c,
		0x0c, 0x24, 0x19, 0x15, 0x0b, 0x43, 0x11, 0x17, 0x2e, 0x02, 0x54, 0x46, 0x67, 0x0f, 0x0e, 0x0a,
		0x06, 0x45, 0x04, 0x61, 0x45, 0x41, 0x59, 0x67, 0x1b, 0x0e, 0x1c, 0x08, 0x0c, 0x16, 0x26, 0x4e,
		0x17, 0x06, 0x23, 0x09, 0x41, 0x01, 0x16, 0x11, 0x08, 0x34, 0x1a, 0x54, 0x15, 0x67, 0x47, 0x59,
		0x5e, 0x43, 0x33, 0x3d, 0x13, 0x27, 0x32, 0x20, 0x02, 0x28, 0x41, 0x0c, 0x0f, 0x0a, 0x1b, 0x2a,
		0x4e, 0x03, 0x00, 0x33, 0x04, 0x41, 0x1c, 0x06, 0x04, 0x14, 0x61, 0x0d, 0x1b, 0x04, 0x2a, 0x0d,
		0x0f, 0x0a, 0x43, 0x4e, 0x58, 0x24, 0x16, 0x1d, 0x1d, 0x4d, 0x41, 0x54, 0x5e, 0x53, 0x45, 0x0a,
		0x24, 0x08, 0x01, 0x1a, 0x26, 0x00, 0x41, 0x46, 0x26, 0x29, 0x31, 0x0c, 0x27, 0x3a, 0x28, 0x13,
		0x25, 0x2e, 0x20, 0x4a, 0x45, 0x04, 0x61, 0x43, 0x46, 0x59, 0x77, 0x4c, 0x11, 0x02, 0x02, 0x0b,
		0x16, 0x28, 0x00, 0x13, 0x49, 0x30, 0x05, 0x15, 0x06, 0x0c, 0x10, 0x0c, 0x61, 0x0f, 0x17, 0x1d,
		0x2e, 0x03, 0x0f, 0x64, 0x4e, 0x54, 0x48, 0x71, 0x4e, 0x12, 0x06, 0x35, 0x0e, 0x08, 0x0a, 0x07,
		0x00, 0x16, 0x61, 0x1d, 0x00, 0x1b, 0x2e, 0x02, 0x06, 0x4e, 0x1f, 0x45, 0x55, 0x74, 0x5e, 0x54,
		0x08, 0x34, 0x07, 0x08, 0x00, 0x04, 0x45, 0x19, 0x34, 0x1a, 0x1c, 0x06, 0x35, 0x05, 0x1b, 0x0f,
		0x17, 0x0c, 0x17, 0x2f, 0x64, 0x26, 0x08, 0x29, 0x07, 0x04, 0x0a, 0x43, 0x46, 0x49, 0x61, 0x01,
		0x12, 0x49, 0x73, 0x5b, 0x5a, 0x4e, 0x11, 0x00, 0x1e, 0x34, 0x1d, 0x15, 0x05, 0x67, 0x1f, 0x15,
		0x1c, 0x06, 0x04, 0x13, 0x61, 0x5e, 0x5a, 0x63, 0x4d, 0x4f, 0x42, 0x4e, 0x2c, 0x30, 0x2c, 0x11,
		0x3b, 0x20, 0x49, 0x0b, 0x23, 0x22, 0x25, 0x69, 0x20, 0x0e, 0x24, 0x1c, 0x0d, 0x49, 0x35, 0x09,
		0x12, 0x1e, 0x0c, 0x0b, 0x0b, 0x24, 0x4e, 0x07, 0x1d, 0x26, 0x1e, 0x15, 0x1d, 0x43, 0x12, 0x11,
		0x35, 0x06, 0x54, 0x08, 0x67, 0x18, 0x0e, 0x01, 0x0f, 0x45, 0x11, 0x2f, 0x18, 0x1b, 0x0a, 0x26,
		0x18, 0x08, 0x01, 0x0d, 0x45, 0x17, 0x33, 0x4e, 0x11, 0x11, 0x22, 0x0f, 0x14, 0x1a, 0x02, 0x07,
		0x14, 0x24, 0x4e, 0x17, 0x06, 0x23, 0x09, 0x5a, 0x4e, 0x13, 0x10, 0x0a, 0x24, 0x4e, 0x10, 0x0c,
		0x34, 0x0f, 0x13, 0x07, 0x13, 0x11, 0x11, 0x2e, 0x00, 0x54, 0x54, 0x67, 0x5c, 0x41, 0x1e, 0x0c,
		0x0c, 0x16, 0x35, 0x1d, 0x5a, 0x63, 0x4d, 0x4f, 0x42, 0x4e, 0x20, 0x2a, 0x35, 0x11, 0x22, 0x31,
		0x3d, 0x0e, 0x23, 0x2f, 0x4e, 0x20, 0x2a, 0x36, 0x15, 0x3c, 0x35, 0x2a, 0x13, 0x66, 0x24, 0x18,
		0x06, 0x17, 0x01, 0x61, 0x1c, 0x11, 0x18, 0x32, 0x09, 0x12, 0x1a, 0x43, 0x0c, 0x0b, 0x61, 0x0f,
		0x54, 0x1d, 0x26, 0x1f, 0x0a, 0x4e, 0x14, 0x0c, 0x0c, 0x29, 0x4e, 0x1b, 0x07, 0x22, 0x4c, 0x0c,
		0x07, 0x10, 0x16, 0x11, 0x2f, 0x09, 0x54, 0x0d, 0x22, 0x00, 0x08, 0x18, 0x06, 0x17, 0x19, 0x23,
		0x02, 0x11, 0x52, 0x67, 0x1f, 0x14, 0x1e, 0x13, 0x09, 0x01, 0x61, 0x07, 0x00, 0x47, 0x67, 0x2e,
		0x08, 0x00, 0x07, 0x45, 0x11, 0x35, 0x4e, 0x00, 0x06, 0x67, 0x18, 0x09, 0x0b, 0x43, 0x01, 0x1d,
		0x2d, 0x07, 0x02, 0x0c, 0x35, 0x0d, 0x03, 0x02, 0x06, 0x45, 0x50, 0x2c, 0x01, 0x10, 0x1c, 0x2b,
		0x09, 0x4e, 0x1d, 0x00, 0x17, 0x11, 0x31, 0x1a, 0x5b, 0x19, 0x26, 0x18, 0x02, 0x06, 0x4c, 0x06,
		0x17, 0x2f, 0x08, 0x1d, 0x0e, 0x68, 0x0d, 0x13, 0x1a, 0x0a, 0x03, 0x19, 0x22, 0x1a, 0x5d, 0x52,
		0x67, 0x08, 0x0e, 0x00, 0x44, 0x11, 0x58, 0x33, 0x0b, 0x07, 0x1d, 0x26, 0x18, 0x04, 0x4e, 0x17,
		0x0d, 0x1d, 0x61, 0x1a, 0x15, 0x1a, 0x2c, 0x4c, 0x0e, 0x1c, 0x43, 0x04, 0x0b, 0x2a, 0x4e, 0x03,
		0x01, 0x28, 0x1f, 0x04, 0x4e, 0x17, 0x04, 0x0a, 0x26, 0x0b, 0x00, 0x49, 0xa5, 0xec, 0xf5, 0x4e,
		0x13, 0x17, 0x17, 0x37, 0x0b, 0x1a, 0x08, 0x29, 0x0f, 0x04, 0x4e, 0x0a, 0x16, 0x58, 0x32, 0x0b,
		0x00, 0x1d, 0x2b, 0x09, 0x05, 0x4e, 0x02, 0x11, 0x58, 0x31, 0x1c, 0x1b, 0x1d, 0x28, 0x0f, 0x0e,
		0x02, 0x43, 0x09, 0x19, 0x38, 0x0b, 0x06, 0x47, 0x67, 0x22, 0x00, 0x03, 0x06, 0x01, 0x58, 0x35,
		0x0b, 0x17, 0x01, 0x29, 0x05, 0x10, 0x1b, 0x06, 0x16, 0x58, 0x26, 0x0b, 0x00, 0x49, 0x2e, 0x01,
		0x11, 0x02, 0x06, 0x08, 0x1d, 0x2f, 0x1a, 0x11, 0x0d, 0x67, 0x09, 0x0f, 0x0a, 0x4e, 0x11, 0x17,
		0x6c, 0x0b, 0x1a, 0x0d, 0x7c, 0x4c, 0x12, 0x1a, 0x16, 0x07, 0x0b, 0x61, 0x0f, 0x1a, 0x0d, 0x67,
		0x4e, 0x12, 0x0f, 0x05, 0x00, 0x55, 0x37, 0x0b, 0x06, 0x1a, 0x2e, 0x03, 0x0f, 0x4c, 0x43, 0x17,
		0x1d, 0x36, 0x1c, 0x1d, 0x1d, 0x22, 0x1f, 0x41, 0x0f, 0x11, 0x00, 0x58, 0x28, 0x00, 0x17, 0x06,
		0x2a, 0x1c, 0x0d, 0x0b, 0x17, 0x00, 0x56, 0x61, 0x28, 0x1d, 0x07, 0x2e, 0x1f, 0x09, 0x4e, 0x14,
		0x0c, 0x0c, 0x29, 0x4e, 0x15, 0x49, 0x11, 0x29, 0x33, 0x27, 0x25, 0x2c, 0x3d, 0x05, 0x4e, 0x16,
		0x05, 0x28, 0x0f, 0x0a, 0x54, 0x43, 0x05, 0x44, 0x22, 0x01, 0x19, 0x04, 0x26, 0x02, 0x05, 0x4e,
		0x0c, 0x17, 0x58, 0x35, 0x0b, 0x07, 0x1d, 0x79, 0x4c, 0x4c, 0x50, 0x43, 0x59, 0x1d, 0x39, 0x1e,
		0x11, 0x0a, 0x33, 0x09, 0x05, 0x4e, 0x11, 0x00, 0x0b, 0x34, 0x02, 0x00, 0x57, 0x67, 0x44, 0x04,
		0x16, 0x0a, 0x11, 0x58, 0x71, 0x47, 0x14, 0x52, 0x67, 0x0a, 0x08, 0x02, 0x06, 0x45, 0x1b, 0x29,
		0x0f, 0x1a, 0x0e, 0x22, 0x1f, 0x41, 0x0f, 0x0f, 0x16, 0x17, 0x61, 0x09, 0x1d, 0x1f, 0x22, 0x4c,
		0x0c, 0x01, 0x07, 0x0c, 0x1e, 0x28, 0x0b, 0x10, 0x49, 0x37, 0x0d, 0x15, 0x06, 0x43, 0x4e, 0x58,
		0x33, 0x01, 0x18, 0x05, 0x25, 0x0d, 0x02, 0x05, 0x43, 0x06, 0x17, 0x2c, 0x03, 0x15, 0x07, 0x23,
		0x42, 0x41, 0x38, 0x26, 0x37, 0x31, 0x07, 0x27, 0x31, 0x2d, 0x67, 0x09, 0x17, 0x07, 0x07, 0x00,
		0x16, 0x22, 0x0b, 0x54, 0x54, 0x67, 0x09, 0x19, 0x0f, 0x00, 0x11, 0x58, 0x32, 0x02, 0x1d, 0x0a,
		0x22, 0x4c, 0x0e, 0x08, 0x43, 0x04, 0x58, 0x33, 0x0b, 0x15, 0x05, 0x67, 0x1e, 0x04, 0x0d, 0x06,
		0x0c, 0x08, 0x35, 0x4e, 0x5c, 0x0a, 0x28, 0x01, 0x0c, 0x0f, 0x0d, 0x01, 0x58, 0x6a, 0x4e, 0x18,
		0x00, 0x33, 0x09, 0x13, 0x0f, 0x0f, 0x45, 0x17, 0x34, 0x1a, 0x04, 0x1c, 0x33, 0x45, 0x4d, 0x4e,
		0x0d, 0x0a, 0x58, 0x32, 0x0b, 0x18, 0x0f, 0x6a, 0x1e, 0x04, 0x1e, 0x0c, 0x17, 0x0c, 0x32, 0x40,
		0x54, 0x24, 0x28, 0x01, 0x04, 0x00, 0x17, 0x10, 0x15, 0x7b, 0x4e, 0x16, 0x05, 0x28, 0x0f, 0x0a,
		0x0b, 0x07, 0x45, 0x0b, 0x35, 0x0b, 0x04, 0x49, 0xa5, 0xea, 0xf3, 0x4e, 0x07, 0x00, 0x14, 0x28,
		0x18, 0x11, 0x1b, 0x67, 0x18, 0x09, 0x0b, 0x43, 0x0b, 0x1d, 0x20, 0x1c, 0x11, 0x1a, 0x33, 0x4c,
		0x14, 0x1d, 0x06, 0x03, 0x0d, 0x2d, 0x4e, 0x17, 0x06, 0x2a, 0x1c, 0x0e, 0x00, 0x06, 0x0b, 0x0c,
		0x61, 0x46, 0x04, 0x08, 0x35, 0x1f, 0x04, 0x1c, 0x4f, 0x45, 0x10, 0x20, 0x1c, 0x1a, 0x0c, 0x34,
		0x1f, 0x4d, 0x4e, 0x10, 0x06, 0x0a, 0x28, 0x1e, 0x00, 0x45, 0x67, 0x02, 0x04, 0x16, 0x17, 0x45,
		0x1b, 0x2e, 0x03, 0x19, 0x08, 0x29, 0x08, 0x48, 0x42, 0x43, 0x01, 0x17, 0x2f, 0x49, 0x00, 0x49,
		0x22, 0x02, 0x05, 0x4e, 0x17, 0x0d, 0x1d, 0x61, 0x1a, 0x15, 0x1a, 0x2c, 0x42, 0x6b, 0x64, 0x40,
		0x46, 0x58, 0x0f, 0x21, 0x26, 0x24, 0x06, 0x20, 0x28, 0x34, 0x26, 0x37, 0x72, 0x02, 0x02, 0x15,
		0x1a, 0x34, 0x05, 0x07, 0x17, 0x43, 0x17, 0x1d, 0x30, 0x1b, 0x11, 0x1a, 0x33, 0x1f, 0x41, 0x0c,
		0x1a, 0x45, 0x0c, 0x29, 0x0b, 0x1d, 0x1b, 0x67, 0x0f, 0x0e, 0x00, 0x00, 0x17, 0x1d, 0x35, 0x0b,
		0x54, 0x0c, 0x29, 0x0b, 0x08, 0x00, 0x06, 0x00, 0x0a, 0x28, 0x00, 0x13, 0x49, 0x20, 0x03, 0x00,
		0x02, 0x43, 0x04, 0x16, 0x25, 0x4e, 0x00, 0x01, 0x22, 0x4c, 0x05, 0x0b, 0x0f, 0x0c, 0x0e, 0x24,
		0x1c, 0x15, 0x0b, 0x2b, 0x09, 0x41, 0x0f, 0x10, 0x0e, 0x1d, 0x25, 0x4e, 0x12, 0x06, 0x35, 0x4c,
		0x83, 0xee, 0xf7, 0x45, 0x16, 0x24, 0x18, 0x11, 0x1b, 0x67, 0x0e, 0x18, 0x4e, 0x14, 0x0a, 0x0a,
		0x25, 0x07, 0x1a, 0x0e, 0x69, 0x4c, 0x35, 0x1c, 0x02, 0x0b, 0x0b, 0x2d, 0x0f, 0x00, 0x0c, 0x67,
		0x18, 0x09, 0x0b, 0x43, 0x11, 0x19, 0x32, 0x05, 0x54, 0x00, 0x29, 0x18, 0x0e, 0x4e, 0x10, 0x11,
		0x19, 0x2f, 0x0a, 0x15, 0x1b, 0x23, 0x4c, 0x12, 0x17, 0x10, 0x11, 0x1d, 0x2c, 0x1d, 0x5b, 0x0e,
		0x35, 0x0d, 0x11, 0x06, 0x0a, 0x06, 0x0b, 0x6e, 0x05, 0x11, 0x1b, 0x29, 0x09, 0x0d, 0x41, 0x0d,
		0x00, 0x0c, 0x36, 0x01, 0x06, 0x02, 0x2e, 0x02, 0x06, 0x4e, 0x15, 0x0a, 0x1b, 0x20, 0x0c, 0x01,
		0x05, 0x26, 0x1e, 0x18, 0x4e, 0x02, 0x0b, 0x1c, 0x61, 0x0f, 0x1a, 0x1a, 0x30, 0x09, 0x13, 0x4e,
		0x17, 0x0d, 0x1d, 0x33, 0x0b, 0x58, 0x49, 0x26, 0x0b, 0x00, 0x07, 0x0d, 0x16, 0x0c, 0x61, 0x1c,
		0x11, 0x08, 0x2b, 0x4c, 0x20, 0x3e, 0x2a, 0x16, 0x56, 0x61, 0x2a, 0x1b, 0x07, 0x60, 0x18, 0x41,
		0x1c, 0x06, 0x15, 0x1d, 0x20, 0x1a, 0x54, 0x1d, 0x2f, 0x09, 0x41, 0x1b, 0x10, 0x00, 0x0a, 0x66,
		0x1d, 0x54, 0x1a, 0x2b, 0x0d, 0x0f, 0x09, 0x43, 0x0a, 0x0a, 0x61, 0x02, 0x1b, 0x08, 0x23, 0x09,
		0x05, 0x4e, 0x0f, 0x04, 0x1a, 0x24, 0x02, 0x07, 0x52, 0x67, 0x19, 0x12, 0x0b, 0x43, 0x11, 0x10,
		0x24, 0x4e, 0x11, 0x07, 0x20, 0x05, 0x0f, 0x0b, 0x06, 0x17, 0x11, 0x2f, 0x09, 0x54, 0x1d, 0x22,
		0x1e, 0x0c, 0x40, 0x43, 0x31, 0x10, 0x28, 0x00, 0x1f, 0x45, 0x67, 0x18, 0x09, 0x0b, 0x0d, 0x45,
		0x1e, 0x28, 0x00, 0x1d, 0x1a, 0x2f, 0x4c, 0x15, 0x06, 0x06, 0x45, 0x0c, 0x20, 0x1d, 0x1f, 0x49,
		0x30, 0x05, 0x15, 0x06, 0x0c, 0x10, 0x0c, 0x61, 0x0f, 0x07, 0x02, 0x2e, 0x02, 0x06, 0x40, 0x69,
		0x6f, 0x5b, 0x62, 0x4e, 0x32, 0x26, 0x15, 0x2e, 0x28, 0x2a, 0x27, 0x20, 0x36, 0x61, 0x3d, 0x20,
		0x3b, 0x0e, 0x22, 0x26, 0x3d, 0x69, 0x81, 0xc0, 0xcc, 0x86, 0xf7, 0xd4, 0x67, 0x8a, 0xf6, 0xce,
		0x85, 0xd6, 0xed, 0x61, 0x8a, 0xcc, 0xe4, 0xa3, 0xd0, 0xfb, 0x4e, 0x87, 0xdd, 0xf5, 0xa4, 0xf2,
		0xdc, 0x8c, 0xca, 0xe3, 0x84, 0xe4, 0xca, 0x45, 0x9c, 0xf9, 0xe3, 0x92, 0xe6, 0xd7, 0x88, 0xdf,
		0xf5, 0x43, 0x81, 0xc0, 0xcc, 0x8b, 0xfb, 0xc6, 0xa3, 0xd7, 0xc4, 0x4e, 0x87, 0xdd, 0xf5, 0xa4,
		0xe3, 0xfb, 0x8c, 0xcd, 0xc5, 0x41, 0x8a, 0xdb, 0xe8, 0x9d, 0xc9, 0xd8, 0x90, 0xd4, 0xdb, 0x4c,
		0x85, 0xd6, 0xee, 0x82, 0xec, 0xde, 0x88, 0xfc, 0xf9, 0x67, 0x88, 0xd9, 0xe3, 0x86, 0xe3, 0xe1,
		0x61, 0x8a, 0xcc, 0xe4, 0xa1, 0xf8, 0xd8, 0x4e, 0x87, 0xdd, 0xf5, 0xa5, 0xd4, 0xfc, 0x63, 0x0e,
		0x4c, 0x02, 0x0f, 0x0d, 0x42, 0x0c, 0x61, 0x27, 0x54, 0x0a, 0x26, 0x02, 0x0f, 0x01, 0x17, 0x45,
		0x0f, 0x2e, 0x00, 0x53, 0x1d, 0x67, 0x1e, 0x04, 0x08, 0x16, 0x16, 0x1d, 0x61, 0x1b, 0x1a, 0x08,
		0x25, 0x00, 0x04, 0x4e, 0x07, 0x00, 0x1b, 0x2d, 0x07, 0x1a, 0x0c, 0x4d, 0x89, 0xda, 0xd4, 0x8b,
		0xcb, 0xd6, 0x61, 0x07, 0x1a, 0x1a, 0x33, 0x09, 0x00, 0x0a, 0x43, 0x16, 0x0d, 0x26, 0x09, 0x11,
		0x1a, 0x33, 0x4c, 0x00, 0x02, 0x17, 0x00, 0x0a, 0x2f, 0x0f, 0x00, 0x00, 0x31, 0x09, 0x41, 0x1c,
		0x06, 0x06, 0x17, 0x2c, 0x03, 0x11, 0x07, 0x23, 0x4c, 0x87, 0xf5, 0xdc, 0x81, 0xc3, 0xe2, 0x4e,
		0x91, 0xe6, 0xe8, 0x88, 0xda, 0xcb, 0x85, 0xf1, 0xc1, 0xa5, 0xd6, 0xce, 0x63, 0xa1, 0xe2, 0xe9,
		0x88, 0xfe, 0xe6, 0x58, 0x20, 0x1b, 0x00, 0x01, 0x28, 0x1e, 0x08, 0x14, 0x02, 0x11, 0x11, 0x2e,
		0x00, 0x54, 0x19, 0x22, 0x1e, 0x0c, 0x07, 0x10, 0x16, 0x11, 0x2e, 0x00, 0x54, 0x81, 0xe9, 0xd4,
		0x84, 0xe1, 0xcc, 0x45, 0x9d, 0xc4, 0xc2, 0x93, 0xd4, 0xd6, 0x4c, 0x86, 0xc2, 0xcf, 0x81, 0xc0,
		0xc8, 0x88, 0xe2, 0xd0, 0x67, 0x89, 0xf4, 0xe8, 0x87, 0xdd, 0xe2, 0x61, 0x89, 0xdf, 0xf0, 0xa0,
		0xee, 0xd8, 0x88, 0xea, 0xe5, 0x9e, 0xdd, 0xe7, 0x9c, 0xe9, 0xc2, 0x66, 0x88, 0xf3, 0xfd, 0x81,
		0xc6, 0xf4, 0x8b, 0xf1, 0xcc, 0x67, 0x84, 0xc3, 0xc5, 0x86, 0xef, 0xd0, 0x61, 0x8b, 0xda, 0xe0,
		0xa2, 0xe9, 0xc9, 0x89, 0xea, 0xed, 0x9e, 0xdd, 0xc2, 0x54, 0x8c, 0xd7, 0xe4, 0x89, 0xc9, 0xe7,
		0x45, 0x9d, 0xd1, 0xe6, 0x92, 0xda, 0xd2, 0x4c, 0x89, 0xd1, 0xfe, 0x80, 0xf7, 0xcc, 0x4e, 0x90,
		0xd1, 0xca, 0x85, 0xe0, 0xfd, 0x86, 0xdb, 0xcf, 0x61, 0x1d, 0x1b, 0x1b, 0x35, 0x15, 0x41, 0x0f,
		0x13, 0x0a, 0x14, 0x2e, 0x09, 0x1d, 0x13, 0x22, 0x66, 0x6b, 0x4d, 0x40, 0x45, 0x2c, 0x04, 0x2d,
		0x3c, 0x27, 0x0e, 0x2f, 0x20, 0x22, 0x43, 0x21, 0x37, 0x0c, 0x2f, 0x3d, 0x27, 0x14, 0x66, 0x31,
		0x19, 0x0d, 0x5f, 0x58, 0x33, 0x0b, 0x00, 0x5b, 0x2b, 0x05, 0x03, 0x0d, 0x4c, 0x17, 0x1d, 0x35,
		0x5c, 0x17, 0x1a, 0x32, 0x43, 0x13, 0x0b, 0x17, 0x57, 0x1c, 0x2d, 0x1c, 0x11, 0x1a, 0x28, 0x00,
		0x17, 0x0b, 0x4f, 0x45, 0x2a, 0x0e, 0x3e, 0x5b, 0x23, 0x08, 0x3c, 0x4e, 0x3d, 0x31, 0x2a, 0x28,
		0x6d, 0x4e, 0x07, 0x1d, 0x26, 0x0f, 0x0a, 0x4e, 0x13, 0x0c, 0x0e, 0x2e, 0x1a, 0x1d, 0x07, 0x20,
		0x40, 0x41, 0x0d, 0x0c, 0x0b, 0x0b, 0x35, 0x1c, 0x15, 0x00, 0x29, 0x09, 0x05, 0x43, 0x00, 0x0a,
		0x1c, 0x24, 0x4e, 0x18, 0x06, 0x26, 0x08, 0x04, 0x1c, 0x10, 0x49, 0x58, 0x29, 0x0b, 0x15, 0x19,
		0x67, 0x18, 0x02, 0x0f, 0x00, 0x0d, 0x1d, 0x6e, 0x08, 0x15, 0x1a, 0x33, 0x0e, 0x08, 0x00, 0x4f,
		0x45, 0x39, 0x12, 0x22, 0x26, 0x46, 0x09, 0x34, 0x6b, 0x2f, 0x0d, 0x11, 0x11, 0x6c, 0x0d, 0x1c,
		0x0c, 0x26, 0x18, 0x41, 0x48, 0x43, 0x22, 0x19, 0x2c, 0x0b, 0x4e, 0x49, 0x24, 0x0d, 0x0d, 0x02,
		0x01, 0x04, 0x1b, 0x2a, 0x4e, 0x06, 0x0c, 0x20, 0x05, 0x12, 0x1a, 0x11, 0x04, 0x0c, 0x28, 0x01,
		0x1a, 0x49, 0x6f, 0x3c, 0x12, 0x3d, 0x06, 0x11, 0x3b, 0x33, 0x0b, 0x15, 0x1d, 0x22, 0x3c, 0x13,
		0x01, 0x00, 0x00, 0x0b, 0x32, 0x20, 0x1b, 0x1d, 0x2e, 0x0a, 0x18, 0x3c, 0x0c, 0x10, 0x0c, 0x28,
		0x00, 0x11, 0x46, 0x08, 0x0e, 0x33, 0x0b, 0x04, 0x0c, 0x0b, 0x35, 0x0b, 0x06, 0x2a, 0x26, 0x00,
		0x0d, 0x0c, 0x02, 0x06, 0x13, 0x32, 0x47, 0x58, 0x49, 0x23, 0x1e, 0x08, 0x18, 0x06, 0x17, 0x58,
		0x28, 0x00, 0x00, 0x0c, 0x35, 0x02, 0x00, 0x02, 0x10, 0x49, 0x58, 0x24, 0x00, 0x00, 0x00, 0x33,
		0x15, 0x41, 0x02, 0x0a, 0x16, 0x0c, 0x6d, 0x4e, 0x02, 0x00, 0x22, 0x1b, 0x4e, 0x0c, 0x0c, 0x0b,
		0x1d, 0x61, 0x03, 0x15, 0x1d, 0x35, 0x05, 0x19, 0x42, 0x43, 0x32, 0x4a, 0x12, 0x64, 0x3d, 0x07,
		0x2d, 0x09, 0x02, 0x1a, 0x0a, 0x0a, 0x16, 0x61, 0x48, 0x54, 0x24, 0x22, 0x01, 0x0e, 0x1c, 0x1a,
		0x5f, 0x58, 0x02, 0x1c, 0x11, 0x08, 0x33, 0x09, 0x33, 0x0b, 0x0e, 0x0a, 0x0c, 0x24, 0x3a, 0x1c,
		0x1b, 0x22, 0x0d, 0x05, 0x42, 0x43, 0x08, 0x19, 0x2f, 0x1b, 0x15, 0x05, 0x67, 0x01, 0x00, 0x1e,
		0x4f, 0x45, 0x0a, 0x24, 0x08, 0x18, 0x0c, 0x24, 0x18, 0x08, 0x18, 0x06, 0x45, 0x3c, 0x0d, 0x22,
		0x58, 0x49, 0x06, 0x3c, 0x22, 0x4e, 0x12, 0x10, 0x1d, 0x34, 0x0b, 0x58, 0x49, 0x15, 0x3c, 0x2c,
		0x41, 0x34, 0x35, 0x35, 0x6d, 0x4e, 0x35, 0x26, 0x05, 0x40, 0x41, 0x1e, 0x0c, 0x0c, 0x16, 0x35,
		0x0b, 0x06, 0x49, 0x24, 0x04, 0x00, 0x07, 0x0d, 0x16, 0x54, 0x61, 0x28, 0x06, 0x00, 0x23, 0x0d,
		0x4e, 0x2d, 0x26, 0x6f, 0x2b, 0x38, 0x1d, 0x00, 0x0c, 0x2a, 0x1f, 0x41, 0x48, 0x43, 0x37, 0x1d,
		0x37, 0x0b, 0x06, 0x1a, 0x22, 0x56, 0x41, 0x03, 0x0c, 0x01, 0x0d, 0x2d, 0x0b, 0x5b, 0x0c, 0x29,
		0x0f, 0x13, 0x17, 0x13, 0x11, 0x11, 0x2e, 0x00, 0x54, 0x0d, 0x22, 0x1f, 0x08, 0x09, 0x0d, 0x49,
		0x58, 0x31, 0x0b, 0x06, 0x1a, 0x2e, 0x1f, 0x15, 0x0b, 0x0d, 0x06, 0x1d, 0x61, 0x0d, 0x1c, 0x08,
		0x2e, 0x02, 0x12, 0x42, 0x43, 0x10, 0x16, 0x31, 0x0f, 0x17, 0x02, 0x2e, 0x02, 0x06, 0x42, 0x43,
		0x06, 0x17, 0x2f, 0x08, 0x1d, 0x0e, 0x67, 0x09, 0x19, 0x1a, 0x11, 0x04, 0x1b, 0x35, 0x07, 0x1b,
		0x07, 0x6b, 0x4c, 0x11, 0x1c, 0x0c, 0x11, 0x17, 0x22, 0x01, 0x18, 0x49, 0x23, 0x09, 0x02, 0x01,
		0x07, 0x0c, 0x16, 0x26, 0x55, 0x54, 0x20, 0x03, 0x2d, 0x4e, 0x29, 0x0b, 0x0c, 0x1c, 0x33, 0x0f,
		0x58, 0x49, 0x37, 0x0d, 0x15, 0x0d, 0x0b, 0x0c, 0x16, 0x26, 0x42, 0x54, 0x05, 0x2e, 0x0f, 0x04,
		0x00, 0x10, 0x00, 0x58, 0x33, 0x0b, 0x17, 0x06, 0x31, 0x09, 0x13, 0x17, 0x69, 0x6f, 0x5b, 0x62,
		0x4e, 0x31, 0x31, 0x02, 0x2f, 0x34, 0x3a, 0x26, 0x45, 0x1d, 0x2f, 0x0a, 0x59, 0x1d, 0x28, 0x41,
		0x04, 0x00, 0x07, 0x4b, 0x58, 0x12, 0x0d, 0x1b, 0x1b, 0x22, 0x4c, 0x11, 0x01, 0x0a, 0x0b, 0x0c,
		0x32, 0x40, 0x54, 0x2d, 0x28, 0x4c, 0x0f, 0x01, 0x17, 0x45, 0x1f, 0x24, 0x1a, 0x54, 0x0c, 0x2b,
		0x05, 0x0c, 0x07, 0x0d, 0x04, 0x0c, 0x24, 0x0a, 0x5a, 0x63,
	},
	"data/prompt-ctf-scoring.md": {
		0x21, 0x2e, 0x1b, 0x54, 0x08, 0x35, 0x09, 0x41, 0x0f, 0x43, 0x26, 0x2c, 0x07, 0x4e, 0x17, 0x06,
		0x2a, 0x1c, 0x04, 0x1a, 0x0a, 0x11, 0x11, 0x2e, 0x00, 0x54, 0x08, 0x20, 0x09, 0x0f, 0x1a, 0x43,
		0x0c, 0x16, 0x61, 0x0f, 0x54, 0x0f, 0x32, 0x00, 0x0d, 0x17, 0x43, 0x04, 0x11, 0x33, 0x43, 0x13,
		0x08, 0x37, 0x1c, 0x04, 0x0a, 0x43, 0x16, 0x19, 0x2f, 0x0a, 0x16, 0x06, 0x3f, 0x42, 0x41, 0x2b,
		0x15, 0x00, 0x0a, 0x38, 0x4e, 0x00, 0x08, 0x34, 0x07, 0x41, 0x07, 0x10, 0x45, 0x19, 0x61, 0x2d,
		0x20, 0x2f, 0x67, 0x0f, 0x09, 0x0f, 0x0f, 0x09, 0x1d, 0x2f, 0x09, 0x11, 0x47, 0x67, 0x29, 0x17,
		0x0b, 0x11, 0x1c, 0x58, 0x35, 0x0f, 0x06, 0x0e, 0x22, 0x18, 0x41, 0x07, 0x10, 0x45, 0x19, 0x61,
		0x1d, 0x0d, 0x07, 0x33, 0x04, 0x04, 0x1a, 0x0a, 0x06, 0x58, 0x27, 0x07, 0x0c, 0x1d, 0x32, 0x1e,
		0x04, 0x40, 0x43, 0x2b, 0x17, 0x61, 0x1e, 0x06, 0x06, 0x23, 0x19, 0x02, 0x1a, 0x0a, 0x0a, 0x16,
		0x61, 0x1a, 0x06, 0x08, 0x21, 0x0a, 0x08, 0x0d, 0x4d, 0x45, 0x36, 0x2e, 0x4e, 0x06, 0x0c, 0x26,
		0x00, 0x41, 0x1b, 0x10, 0x00, 0x0a, 0x32, 0x40, 0x54, 0x27, 0x28, 0x4c, 0x04, 0x16, 0x17, 0x00,
		0x0a, 0x2f, 0x0f, 0x18, 0x49, 0x2e, 0x02, 0x15, 0x0b, 0x11, 0x0b, 0x1d, 0x35, 0x40, 0x7e, 0x63,
		0x13, 0x04, 0x04, 0x4e, 0x00, 0x10, 0x0a, 0x33, 0x0b, 0x1a, 0x1d, 0x67, 0x19, 0x12, 0x0b, 0x11,
		0x45, 0x11, 0x32, 0x4e, 0x00, 0x01, 0x22, 0x4c, 0x22, 0x3a, 0x25, 0x45, 0x19, 0x25, 0x03, 0x1d,
		0x07, 0x2e, 0x1f, 0x15, 0x1c, 0x02, 0x11, 0x17, 0x33, 0x40, 0x54, 0x28, 0x2b, 0x00, 0x41, 0x0d,
		0x0b, 0x04, 0x14, 0x2d, 0x0b, 0x1a, 0x0e, 0x22, 0x1f, 0x41, 0x0f, 0x11, 0x00, 0x58, 0x31, 0x1c,
		0x11, 0x44, 0x26, 0x19, 0x15, 0x06, 0x0c, 0x17, 0x11, 0x3b, 0x0b, 0x10, 0x47, 0x4d, 0x66, 0x42,
		0x4d, 0x43, 0x24, 0x3b, 0x15, 0x27, 0x22, 0x28, 0x13, 0x25, 0x2e, 0x20, 0x69, 0x32, 0x10, 0x24,
		0x00, 0x54, 0x1c, 0x34, 0x09, 0x13, 0x4e, 0x10, 0x00, 0x16, 0x25, 0x1d, 0x54, 0x0c, 0x3f, 0x0d,
		0x02, 0x1a, 0x0f, 0x1c, 0x58, 0x63, 0x06, 0x11, 0x05, 0x2a, 0x14, 0x43, 0x4e, 0x11, 0x00, 0x08,
		0x2d, 0x17, 0x54, 0x26, 0x09, 0x20, 0x38, 0x54, 0x43, 0x47, 0x10, 0x24, 0x02, 0x19, 0x44, 0x3f,
		0x4c, 0x0e, 0x00, 0x0f, 0x0c, 0x16, 0x24, 0x40, 0x54, 0x3b, 0x22, 0x08, 0x41, 0x1a, 0x06, 0x04,
		0x15, 0x61, 0x01, 0x04, 0x0c, 0x35, 0x0d, 0x15, 0x01, 0x11, 0x45, 0x19, 0x22, 0x1a, 0x1d, 0x1f,
		0x22, 0x42, 0x41, 0x2f, 0x0f, 0x09, 0x58, 0x35, 0x0f, 0x06, 0x0e, 0x22, 0x18, 0x12, 0x4e, 0x02,
		0x17, 0x1d, 0x61, 0x08, 0x1d, 0x11, 0x33, 0x19, 0x13, 0x0b, 0x10, 0x4b, 0x58, 0x00, 0x19, 0x15,
		0x00, 0x33, 0x05, 0x0f, 0x09, 0x43, 0x11, 0x19, 0x32, 0x05, 0x5a, 0x4b, 0x67, 0x22, 0x0e, 0x1a,
		0x0b, 0x0c, 0x16, 0x26, 0x4e, 0x11, 0x05, 0x34, 0x09, 0x4f, 0x4e, 0x34, 0x04, 0x11, 0x35, 0x4e,
		0x12, 0x06, 0x35, 0x4c, 0x0f, 0x0b, 0x1b, 0x11, 0x58, 0x28, 0x00, 0x07, 0x1d, 0x35, 0x19, 0x02,
		0x1a, 0x0a, 0x0a, 0x16, 0x6f, 0x64, 0x7e, 0x4a, 0x64, 0x4c, 0x31, 0x2b, 0x31, 0x36, 0x37, 0x0f,
		0x2f, 0x7e, 0x20, 0x67, 0x0d, 0x0c, 0x4e, 0x0f, 0x10, 0x16, 0x20, 0x40, 0x54, 0x3d, 0x22, 0x0f,
		0x09, 0x00, 0x0a, 0x06, 0x19, 0x2d, 0x4e, 0x11, 0x11, 0x22, 0x0f, 0x14, 0x1a, 0x0c, 0x17, 0x58,
		0x28, 0x00, 0x54, 0x1d, 0x2f, 0x09, 0x41, 0x1d, 0x02, 0x0b, 0x1c, 0x23, 0x01, 0x0c, 0x47, 0x67,
		0x28, 0x08, 0x1c, 0x06, 0x06, 0x0c, 0x6d, 0x4e, 0x00, 0x0c, 0x24, 0x04, 0x0f, 0x07, 0x00, 0x04,
		0x14, 0x6d, 0x4e, 0x1a, 0x06, 0x67, 0x04, 0x04, 0x1d, 0x0a, 0x11, 0x19, 0x35, 0x07, 0x1b, 0x07,
		0x69, 0x4c, 0x27, 0x07, 0x11, 0x16, 0x0c, 0x61, 0x1e, 0x11, 0x1b, 0x34, 0x03, 0x0f, 0x4e, 0x41,
		0x2c, 0x5a, 0x61, 0x01, 0x06, 0x49, 0x28, 0x01, 0x08, 0x1a, 0x43, 0x16, 0x0d, 0x23, 0x04, 0x11,
		0x0a, 0x33, 0x42, 0x41, 0x2a, 0x06, 0x03, 0x19, 0x34, 0x02, 0x00, 0x49, 0x04, 0x04, 0x08, 0x00,
		0x06, 0x16, 0x1d, 0x6d, 0x4e, 0x1f, 0x0c, 0x22, 0x1c, 0x41, 0x0d, 0x0c, 0x01, 0x1d, 0x6e, 0x0d,
		0x1b, 0x04, 0x2a, 0x0d, 0x0f, 0x0a, 0x10, 0x4a, 0x08, 0x20, 0x1a, 0x1c, 0x1a, 0x68, 0x1e, 0x04,
		0x09, 0x0a, 0x16, 0x0c, 0x24, 0x1c, 0x07, 0x46, 0x33, 0x03, 0x0e, 0x02, 0x10, 0x45, 0x11, 0x2f,
		0x4e, 0x1b, 0x1b, 0x2e, 0x0b, 0x08, 0x00, 0x02, 0x09, 0x58, 0x2d, 0x0f, 0x1a, 0x0e, 0x32, 0x0d,
		0x06, 0x0b, 0x4d, 0x6f, 0x72, 0x15, 0x06, 0x1d, 0x1a, 0x67, 0x05, 0x12, 0x4e, 0x0e, 0x1c, 0x58,
		0x31, 0x0b, 0x06, 0x04, 0x26, 0x02, 0x04, 0x00, 0x17, 0x45, 0x0b, 0x35, 0x0f, 0x00, 0x0c, 0x69,
		0x4c, 0x2f, 0x01, 0x43, 0x47, 0x0b, 0x36, 0x07, 0x00, 0x0a, 0x2f, 0x05, 0x0f, 0x09, 0x41, 0x45,
		0x17, 0x33, 0x4e, 0x56, 0x0c, 0x3f, 0x05, 0x15, 0x07, 0x0d, 0x02, 0x5a, 0x6f, 0x4e, 0x3d, 0x49,
		0x23, 0x03, 0x0f, 0x49, 0x17, 0x45, 0x12, 0x34, 0x0a, 0x13, 0x0c, 0x67, 0x4e, 0x12, 0x06, 0x0c,
		0x10, 0x14, 0x25, 0x4e, 0x3d, 0x49, 0x23, 0x03, 0x41, 0x1a, 0x0b, 0x0c, 0x0b, 0x63, 0x4e, 0x96,
		0xe9, 0xd3, 0x4c, 0x15, 0x06, 0x02, 0x11, 0x5f, 0x32, 0x4e, 0x04, 0x1b, 0x28, 0x18, 0x0e, 0x0d,
		0x0c, 0x09, 0x58, 0x2d, 0x0f, 0x0d, 0x0c, 0x35, 0x4b, 0x12, 0x4e, 0x09, 0x0a, 0x1a, 0x6f, 0x4e,
		0x35, 0x05, 0x2b, 0x4c, 0x15, 0x0f, 0x11, 0x02, 0x1d, 0x35, 0x1d, 0x54, 0x08, 0x35, 0x09, 0x41,
		0x08, 0x0a, 0x1d, 0x0c, 0x34, 0x1c, 0x11, 0x1a, 0x6b, 0x4c, 0x00, 0x02, 0x0f, 0x45, 0x0a, 0x24,
		0x1f, 0x01, 0x0c, 0x34, 0x18, 0x12, 0x4e, 0x02, 0x17, 0x1d, 0x61, 0x1a, 0x11, 0x0a, 0x2f, 0x02,
		0x08, 0x0d, 0x02, 0x09, 0x58, 0x20, 0x00, 0x15, 0x05, 0x3e, 0x1f, 0x08, 0x1d, 0x43, 0x0a, 0x16,
		0x61, 0x08, 0x1d, 0x11, 0x33, 0x19, 0x13, 0x0b, 0x10, 0x4b, 0x72, 0x4b, 0x4d, 0x57, 0x49, 0x14,
		0x2f, 0x2e, 0x3c, 0x2a, 0x2b, 0x3f, 0x4b, 0x45, 0x45, 0x59, 0x77, 0x4c, 0x04, 0x16, 0x06, 0x06,
		0x0d, 0x35, 0x0b, 0x54, 0x1d, 0x28, 0x03, 0x0d, 0x4e, 0x4c, 0x45, 0x1b, 0x2e, 0x0a, 0x11, 0x49,
		0x3b, 0x4c, 0x4a, 0x5b, 0x53, 0x45, 0x0f, 0x2e, 0x1c, 0x1f, 0x00, 0x29, 0x0b, 0x41, 0x0d, 0x0c,
		0x01, 0x1d, 0x61, 0x01, 0x01, 0x1d, 0x37, 0x19, 0x15, 0x64, 0x4e, 0x50, 0x48, 0x71, 0x4e, 0x06,
		0x0c, 0x21, 0x19, 0x12, 0x0f, 0x0f, 0x45, 0x50, 0x04, 0x22, 0x3d, 0x24, 0x0e, 0x22, 0x20, 0x3a,
		0x2a, 0x2a, 0x36, 0x68, 0x4e, 0x08, 0x49, 0x6a, 0x5e, 0x51, 0x5e, 0x43, 0x15, 0x14, 0x20, 0x00,
		0x1a, 0x00, 0x29, 0x0b, 0x41, 0x19, 0x0a, 0x11, 0x10, 0x2e, 0x1b, 0x00, 0x49, 0x26, 0x0f, 0x15,
		0x07, 0x0c, 0x0b, 0x72, 0x6c, 0x5f, 0x44, 0x59, 0x67, 0x0a, 0x0e, 0x1c, 0x01, 0x0c, 0x1c, 0x25,
		0x0b, 0x1a, 0x49, 0x34, 0x18, 0x13, 0x07, 0x0d, 0x02, 0x58, 0x3d, 0x4e, 0x59, 0x5c, 0x77, 0x4c,
		0x00, 0x1d, 0x08, 0x0c, 0x16, 0x26, 0x4e, 0x15, 0x1c, 0x33, 0x04, 0x0e, 0x1c, 0x0a, 0x1f, 0x19,
		0x35, 0x07, 0x1b, 0x07, 0x4d, 0x66, 0x33, 0x0f, 0x0d, 0x0e, 0x1d, 0x25, 0x4e, 0x57, 0x58, 0x67,
		0x03, 0x07, 0x4e, 0x57, 0x52, 0x58, 0x20, 0x09, 0x11, 0x07, 0x33, 0x1f, 0x4f, 0x4e, 0x31, 0x00,
		0x1e, 0x34, 0x1d, 0x15, 0x05, 0x67, 0x1f, 0x15, 0x1c, 0x06, 0x04, 0x13, 0x7b, 0x4e, 0x44, 0x47,
		0x67, 0x21, 0x00, 0x07, 0x0d, 0x11, 0x19, 0x28, 0x00, 0x54, 0x1d, 0x2f, 0x05, 0x12, 0x40, 0x69,
		0x6f, 0x5b, 0x62, 0x4e, 0x3b, 0x3c, 0x13, 0x3c, 0x34, 0x3a, 0x43, 0x29, 0x37, 0x02, 0x25, 0x7e,
		0x2c, 0x31, 0x09, 0x13, 0x17, 0x43, 0x17, 0x1d, 0x32, 0x1e, 0x1b, 0x07, 0x34, 0x09, 0x41, 0x03,
		0x16, 0x16, 0x0c, 0x61, 0x1d, 0x00, 0x08, 0x35, 0x18, 0x41, 0x19, 0x0a, 0x11, 0x10, 0x61, 0x0f,
		0x54, 0x1d, 0x28, 0x03, 0x0d, 0x4e, 0x0a, 0x0b, 0x0e, 0x2e, 0x0d, 0x15, 0x1d, 0x2e, 0x03, 0x0f,
		0x4e, 0x0c, 0x17, 0x58, 0x24, 0x16, 0x11, 0x0a, 0x32, 0x18, 0x00, 0x0c, 0x0f, 0x00, 0x58, 0x22,
		0x01, 0x10, 0x0c, 0x69, 0x66, 0x31, 0x1b, 0x11, 0x00, 0x58, 0x25, 0x0b, 0x07, 0x0a, 0x35, 0x05,
		0x11, 0x1a, 0x0a, 0x0a, 0x16, 0x61, 0x53, 0x54, 0x59, 0x67, 0x1c, 0x0e, 0x07, 0x0d, 0x11, 0x0b,
		0x61, 0x53, 0x54, 0x0c, 0x2b, 0x05, 0x0c, 0x07, 0x0d, 0x04, 0x0c, 0x28, 0x01, 0x1a, 0x49, 0x35,
		0x05, 0x12, 0x05, 0x4d, 0x6f, 0x72, 0x62, 0x4d, 0x54, 0x3b, 0x02, 0x3c, 0x2d, 0x37, 0x43, 0x23,
		0x37, 0x13, 0x23, 0x35, 0x3d, 0x4d, 0x2a, 0x08, 0x1c, 0x10, 0x11, 0x58, 0x2d, 0x07, 0x1a, 0x0c,
		0x7d, 0x4c, 0x0c, 0x01, 0x07, 0x00, 0x58, 0x35, 0x0f, 0x13, 0x49, 0x6c, 0x4c, 0x0e, 0x1e, 0x06,
		0x0b, 0x11, 0x2f, 0x09, 0x54, 0x1a, 0x22, 0x02, 0x15, 0x0b, 0x0d, 0x06, 0x1d, 0x6d, 0x4e, 0x00,
		0x01, 0x22, 0x02, 0x41, 0x0c, 0x0c, 0x01, 0x01, 0x6f, 0x64, 0x3b, 0x19, 0x22, 0x02, 0x08, 0x00,
		0x04, 0x5f, 0x58, 0x63, 0x89, 0xef, 0xc7, 0xa1, 0xcc, 0xe6, 0x8b, 0xee, 0xc5, 0x9c, 0xfc, 0xe3,
		0x92, 0xdc, 0xc6, 0x8b, 0xc9, 0xe5, 0x8c, 0xd9, 0xe2, 0x63, 0x4e, 0x5c, 0x2a, 0x09, 0x45, 0x41,
		0x41, 0x43, 0x47, 0x2c, 0x00, 0x3c, 0x33, 0x2c, 0x13, 0x4c, 0x07, 0x07, 0x1b, 0x11, 0x0d, 0x33,
		0x0b, 0x54, 0x1e, 0x28, 0x1e, 0x0a, 0x08, 0x0f, 0x0a, 0x0f, 0x7b, 0x4c, 0x54, 0x41, 0x02, 0x22,
		0x48, 0x64, 0x69, 0x46, 0x5b, 0x61, 0x28, 0x3b, 0x3b, 0x05, 0x25, 0x25, 0x2a, 0x26, 0x2b, 0x58,
		0x12, 0x3a, 0x26, 0x20, 0x09, 0x2b, 0x32, 0x64, 0x87, 0xdd, 0xf5, 0xa9, 0xed, 0xc9, 0x49, 0xa1,
		0xfb, 0xc1, 0x88, 0xd0, 0xf0, 0x58, 0xa5, 0xd6, 0xf9, 0x8d, 0xfb, 0xf6, 0x41, 0x8a, 0xdb, 0xe8,
		0x9d, 0xdd, 0xc6, 0x91, 0xe4, 0xc8, 0x89, 0xeb, 0xc7, 0x43, 0x81, 0xc0, 0xcc, 0x88, 0xfb, 0xf9,
		0xa3, 0xd2, 0xfa, 0x4e, 0x87, 0xdd, 0xf5, 0xa4, 0xe1, 0xdb, 0x8d, 0xfc, 0xc9, 0x41, 0x8a, 0xdb,
		0xe8, 0x9d, 0xcc, 0xe1, 0x91, 0xe3, 0xee, 0x4c, 0x85, 0xd6, 0xee, 0x80, 0xf0, 0xf7, 0x8a, 0xc9,
		0xf5, 0x67, 0x88, 0xd9, 0xe3, 0x84, 0xf1, 0xe7, 0xa7, 0xe6, 0xe4, 0x49, 0xa3, 0xd4, 0xec, 0x8b,
		0xe5, 0xfc, 0x58, 0xa5, 0xd6, 0xf9, 0x8f, 0xd3, 0xd5, 0x41, 0x8a, 0xdb, 0xe8, 0x9c, 0xfb, 0xe6,
		0x7e, 0x20, 0x67, 0x0f, 0x00, 0x00, 0x44, 0x11, 0x58, 0x08, 0x4e, 0x17, 0x08, 0x29, 0x02, 0x0e,
		0x1a, 0x43, 0x12, 0x17, 0x2f, 0x49, 0x00, 0x49, 0x35, 0x09, 0x07, 0x1b, 0x10, 0x00, 0x58, 0x34,
		0x00, 0x15, 0x0b, 0x2b, 0x09, 0x6b, 0x8b, 0xd8, 0xdf, 0x90, 0xef, 0xc0, 0x54, 0x00, 0x29, 0x1f,
		0x15, 0x0b, 0x02, 0x01, 0x58, 0x32, 0x1b, 0x13, 0x0e, 0x22, 0x1f, 0x15, 0x4e, 0x02, 0x09, 0x0c,
		0x24, 0x1c, 0x1a, 0x08, 0x33, 0x05, 0x17, 0x0b, 0x43, 0x17, 0x1d, 0x22, 0x01, 0x19, 0x04, 0x22,
		0x02, 0x05, 0x4e, 0x85, 0xfe, 0xc7, 0xa5, 0xd5, 0xd7, 0x49, 0xa2, 0xe3, 0xce, 0x8a, 0xd8, 0xc0,
		0x9e, 0xd5, 0xd7, 0x90, 0xd1, 0xfd, 0x66, 0x87, 0xe0, 0xeb, 0x83, 0xe5, 0xc2, 0x4e, 0x15, 0x1c,
		0x33, 0x04, 0x0e, 0x1c, 0x0a, 0x1f, 0x19, 0x35, 0x07, 0x1b, 0x07, 0x67, 0x1c, 0x04, 0x1c, 0x0e,
		0x0c, 0x0b, 0x32, 0x07, 0x1b, 0x07, 0x67, 0x84, 0xcf, 0xd6, 0x86, 0xea, 0xd7, 0x61, 0x8b, 0xf1,
		0xc5, 0xa0, 0xd1, 0xf0, 0x4e, 0x84, 0xc9, 0xd4, 0xa5, 0xd6, 0xfd, 0x8f, 0xd1, 0xd5, 0x41, 0x8b,
		0xf6, 0xe3, 0x9c, 0xf9, 0xf4, 0x54, 0x8e, 0xec, 0xf5, 0x86, 0xec, 0xda, 0x83, 0xf1, 0xc1, 0x88,
		0xe8, 0xe0, 0xaf, 0xec, 0xe4, 0x64, 0x8a, 0xf8, 0xe6, 0xa5, 0xd0, 0xc1, 0x8c, 0xc2, 0xc9, 0x41,
		0x86, 0xc1, 0xce, 0x9d, 0xcb, 0xc6, 0x54, 0x8c, 0xe9, 0xe5, 0x84, 0xeb, 0xcb, 0x82, 0xf1, 0xc9,
		0x88, 0xe8, 0xc5, 0x67, 0x89, 0xf1, 0xe6, 0x8b, 0xc2, 0xfc, 0x61, 0x8b, 0xe4, 0xe1, 0xa1, 0xdf,
		0xf4, 0x4e, 0x8b, 0xda, 0xe5, 0xa4, 0xe1, 0xf9, 0x49, 0xa3, 0xd4, 0xec, 0x87, 0xe2, 0xf6, 0x9d,
		0xff, 0xd9, 0x54, 0x1a, 0x28, 0x1e, 0x13, 0x17, 0x43, 0x04, 0x08, 0x2e, 0x02, 0x1b, 0x0e, 0x2e,
		0x16, 0x04, 0x64, 0x69, 0x46, 0x5b, 0x61, 0x28, 0x3d, 0x3b, 0x14, 0x38, 0x4c, 0x3e, 0x22, 0x36,
		0x2b, 0x61, 0x20, 0x3b, 0x3b, 0x0a, 0x2d, 0x2d, 0x27, 0x39, 0x20, 0x2a, 0x4b, 0x3d, 0x1d, 0x05,
		0x22, 0x02, 0x15, 0x02, 0x1a, 0x45, 0x1b, 0x2e, 0x00, 0x02, 0x0c, 0x35, 0x18, 0x41, 0x07, 0x0d,
		0x15, 0x0d, 0x35, 0x1d, 0x54, 0x1d, 0x28, 0x4c, 0x22, 0x3a, 0x25, 0x45, 0x1b, 0x29, 0x0f, 0x18,
		0x05, 0x22, 0x02, 0x06, 0x0b, 0x43, 0x09, 0x19, 0x23, 0x0b, 0x18, 0x1a, 0x7d, 0x66, 0x41, 0x4e,
		0x41, 0x80, 0xdc, 0xd7, 0x88, 0xf8, 0xeb, 0x65, 0x4c, 0x83, 0xe8, 0xf1, 0x45, 0x15, 0x24, 0x03,
		0x1b, 0x1b, 0x3e, 0x4c, 0x00, 0x00, 0x02, 0x09, 0x01, 0x32, 0x07, 0x07, 0x49, 0x3b, 0x4c, 0x43,
		0x2b, 0x30, 0x35, 0x5a, 0x61, 0x8c, 0xf2, 0xfb, 0x67, 0x1e, 0x04, 0x00, 0x07, 0x00, 0x0a, 0x28,
		0x00, 0x13, 0x49, 0x37, 0x05, 0x11, 0x0b, 0x0f, 0x0c, 0x16, 0x24, 0x4e, 0x08, 0x49, 0x65, 0x0d,
		0x08, 0x03, 0x01, 0x0a, 0x0c, 0x63, 0x4e, 0x96, 0xef, 0xd5, 0x4c, 0x08, 0x00, 0x13, 0x10, 0x0c,
		0x61, 0x1e, 0x06, 0x0c, 0x24, 0x05, 0x12, 0x07, 0x0c, 0x0b, 0x72, 0x61, 0x4e, 0x56, 0x1e, 0x26,
		0x00, 0x0d, 0x06, 0x02, 0x06, 0x13, 0x63, 0x4e, 0x96, 0xef, 0xd5, 0x4c, 0x05, 0x0b, 0x13, 0x11,
		0x10, 0x61, 0x1a, 0x11, 0x1a, 0x33, 0x4c, 0x1d, 0x4e, 0x41, 0x82, 0xc3, 0xd4, 0x86, 0xcb, 0xee,
		0x65, 0x4c, 0x83, 0xe8, 0xf1, 0x45, 0x19, 0x34, 0x1a, 0x1c, 0x49, 0x25, 0x15, 0x11, 0x0f, 0x10,
		0x16, 0x58, 0x3d, 0x4e, 0x56, 0x8f, 0xf4, 0xc4, 0x84, 0xeb, 0xc6, 0x47, 0x58, 0xa3, 0xe8, 0xe6,
		0x49, 0x24, 0x03, 0x05, 0x0b, 0x43, 0x0c, 0x16, 0x2b, 0x0b, 0x17, 0x1d, 0x2e, 0x03, 0x0f, 0x64,
		0x43, 0x45, 0x5a, 0xa4, 0xe1, 0xf9, 0x8d, 0xfa, 0xf0, 0x84, 0xd2, 0xe9, 0x47, 0x58, 0xa3, 0xe8,
		0xe6, 0x49, 0x23, 0x09, 0x15, 0x0b, 0x00, 0x11, 0x11, 0x2e, 0x00, 0x54, 0x08, 0x29, 0x0d, 0x0d,
		0x17, 0x10, 0x0c, 0x0b, 0x61, 0x12, 0x54, 0x4b, 0xae, 0xc6, 0xc9, 0x87, 0xc9, 0xd9, 0x5a, 0x61,
		0x8c, 0xf2, 0xfb, 0x67, 0x1f, 0x0a, 0x0b, 0x0f, 0x00, 0x0c, 0x20, 0x02, 0x54, 0x08, 0x29, 0x05,
		0x0c, 0x0f, 0x17, 0x0c, 0x17, 0x2f, 0x4e, 0x08, 0x49, 0x65, 0x84, 0xe6, 0xc4, 0x84, 0xfb, 0xfc,
		0x63, 0x4e, 0x96, 0xef, 0xd5, 0x4c, 0x00, 0x1b, 0x17, 0x0a, 0x55, 0x20, 0x02, 0x1d, 0x0e, 0x29,
		0x01, 0x04, 0x00, 0x17, 0x6f, 0x58, 0x61, 0x4c, 0x9d, 0xe9, 0xc8, 0x84, 0xc6, 0xe8, 0x41, 0x45,
		0x9a, 0xc7, 0xfc, 0x54, 0x06, 0x31, 0x09, 0x13, 0x02, 0x02, 0x1c, 0x58, 0x33, 0x0b, 0x1a, 0x0d,
		0x22, 0x1e, 0x08, 0x00, 0x04, 0x45, 0x04, 0x61, 0x4c, 0x9d, 0xf2, 0xf0, 0x84, 0xdf, 0xd0, 0x41,
		0x45, 0x9a, 0xc7, 0xfc, 0x54, 0x04, 0x2e, 0x02, 0x08, 0x03, 0x02, 0x15, 0x58, 0x25, 0x0f, 0x00,
		0x08, 0x67, 0x10, 0x41, 0x4c, 0x85, 0xf2, 0xd8, 0xa4, 0xfe, 0xfa, 0x8c, 0xda, 0xfc, 0x84, 0xe4,
		0xf8, 0x47, 0x58, 0xa3, 0xe8, 0xe6, 0x49, 0x35, 0x09, 0x02, 0x01, 0x0a, 0x09, 0x58, 0x22, 0x01,
		0x19, 0x19, 0x22, 0x02, 0x12, 0x0f, 0x17, 0x0c, 0x17, 0x2f, 0x64, 0x7e, 0x4a, 0x64, 0x4c, 0x35,
		0x2b, 0x20, 0x2d, 0x36, 0x08, 0x2d, 0x35, 0x25, 0x67, 0x28, 0x2e, 0x23, 0x22, 0x2c, 0x36, 0x12,
		0x64, 0x39, 0x0c, 0x2a, 0x03, 0x13, 0x17, 0x59, 0x45, 0x2a, 0x11, 0x23, 0x5b, 0x3e, 0x17, 0x21,
		0x4d, 0x4e, 0x22, 0x2a, 0x3a, 0x61, 0x1d, 0x17, 0x08, 0x29, 0x40, 0x41, 0x1e, 0x0c, 0x0c, 0x16,
		0x35, 0x0b, 0x06, 0x49, 0x24, 0x04, 0x00, 0x07, 0x0d, 0x16, 0x54, 0x61, 0x2d, 0x31, 0x46, 0x01,
		0x1e, 0x08, 0x0a, 0x02, 0x45, 0x0b, 0x22, 0x1c, 0x1d, 0x19, 0x33, 0x1f, 0x6b, 0x3c, 0x06, 0x0b,
		0x1c, 0x24, 0x1c, 0x1d, 0x07, 0x20, 0x56, 0x41, 0x2a, 0x0a, 0x17, 0x1d, 0x22, 0x1a, 0x2c, 0x46,
		0x08, 0x1c, 0x04, 0x00, 0x24, 0x29, 0x58, 0x29, 0x01, 0x1b, 0x02, 0x6b, 0x4c, 0x28, 0x03, 0x24,
		0x10, 0x11, 0x61, 0x01, 0x02, 0x0c, 0x35, 0x00, 0x00, 0x17, 0x4f, 0x45, 0x3c, 0x33, 0x0f, 0x03,
		0x20, 0x29, 0x08, 0x04, 0x16, 0x06, 0x01, 0x28, 0x33, 0x07, 0x19, 0x00, 0x33, 0x05, 0x17, 0x0b,
		0x4f, 0x45, 0x2f, 0x2e, 0x1c, 0x18, 0x0d, 0x13, 0x03, 0x32, 0x0d, 0x11, 0x00, 0x1d, 0x2f, 0x64,
		0x35, 0x07, 0x33, 0x05, 0x4c, 0x0d, 0x0b, 0x00, 0x19, 0x35, 0x54, 0x54, 0x0a, 0x26, 0x00, 0x0d,
		0x0c, 0x02, 0x06, 0x13, 0x61, 0x1c, 0x11, 0x0e, 0x2e, 0x1f, 0x15, 0x1c, 0x02, 0x11, 0x11, 0x2e,
		0x00, 0x54, 0x41, 0x17, 0x1f, 0x32, 0x0b, 0x17, 0x26, 0x0a, 0x24, 0x0f, 0x00, 0x0c, 0x17, 0x1e,
		0x0e, 0x0d, 0x06, 0x16, 0x0b, 0x0f, 0x01, 0x00, 0x00, 0x21, 0x15, 0x33, 0x01, 0x16, 0x11, 0x11,
		0x2f, 0x0b, 0x5d, 0x45, 0x67, 0x08, 0x13, 0x07, 0x15, 0x00, 0x0a, 0x61, 0x0f, 0x1a, 0x08, 0x2b,
		0x15, 0x12, 0x07, 0x10, 0x6f, 0x31, 0x2f, 0x04, 0x11, 0x0a, 0x33, 0x05, 0x0e, 0x00, 0x59, 0x45,
		0x3b, 0x33, 0x0b, 0x15, 0x1d, 0x22, 0x3e, 0x04, 0x03, 0x0c, 0x11, 0x1d, 0x15, 0x06, 0x06, 0x0c,
		0x26, 0x08, 0x4d, 0x4e, 0x0e, 0x04, 0x16, 0x34, 0x0f, 0x18, 0x49, 0x2a, 0x0d, 0x11, 0x42, 0x43,
		0x17, 0x1d, 0x27, 0x02, 0x11, 0x0a, 0x33, 0x05, 0x17, 0x0b, 0x43, 0x21, 0x34, 0x0d, 0x42, 0x54,
		0x28, 0x17, 0x2f, 0x41, 0x1f, 0x16, 0x00, 0x0d, 0x24, 0x64, 0x26, 0x0c, 0x31, 0x09, 0x13, 0x1d,
		0x06, 0x5f, 0x58, 0x32, 0x1a, 0x06, 0x00, 0x29, 0x0b, 0x12, 0x42, 0x43, 0x0c, 0x15, 0x31, 0x01,
		0x06, 0x1d, 0x34, 0x40, 0x41, 0x16, 0x11, 0x00, 0x1e, 0x32, 0x42, 0x54, 0x20, 0x03, 0x2d, 0x4e,
		0x29, 0x0b, 0x0c, 0x1c, 0x33, 0x0f, 0x58, 0x49, 0x21, 0x19, 0x0f, 0x0d, 0x17, 0x0c, 0x17, 0x2f,
		0x4e, 0x04, 0x08, 0x33, 0x0f, 0x09, 0x07, 0x0d, 0x02, 0x72, 0x06, 0x0f, 0x19, 0x0c, 0x7d, 0x4c,
		0x04, 0x00, 0x17, 0x0c, 0x0c, 0x38, 0x4e, 0x18, 0x00, 0x34, 0x18, 0x4d, 0x4e, 0x15, 0x0c, 0x1d,
		0x36, 0x4e, 0x19, 0x08, 0x33, 0x1e, 0x08, 0x16, 0x4f, 0x45, 0x1a, 0x2e, 0x00, 0x11, 0x49, 0x2a,
		0x0d, 0x15, 0x1c, 0x0a, 0x1d, 0x54, 0x61, 0x1c, 0x11, 0x0a, 0x28, 0x05, 0x0d, 0x4e, 0x13, 0x04,
		0x0c, 0x35, 0x0b, 0x06, 0x07, 0x6b, 0x4c, 0x13, 0x0f, 0x07, 0x04, 0x0a, 0x61, 0x0a, 0x15, 0x1d,
		0x26, 0x66, 0x6b, 0x4d, 0x40, 0x45, 0x3d, 0x19, 0x2b, 0x37, 0x3c, 0x13, 0x29, 0x4f, 0x4e, 0x30,
		0x06, 0x17, 0x33, 0x0b, 0x54, 0x19, 0x28, 0x05, 0x0f, 0x1a, 0x10, 0x4b, 0x58, 0x05, 0x01, 0x54,
		0x07, 0x28, 0x18, 0x41, 0x09, 0x06, 0x11, 0x58, 0x24, 0x02, 0x1d, 0x04, 0x2e, 0x02, 0x00, 0x1a,
		0x06, 0x01, 0x56, 0x4b,
	},
	"data/tamper_rules.txt": {
		0x5b, 0x61, 0x3a, 0x35, 0x24, 0x17, 0x29, 0x33, 0x4e, 0x31, 0x10, 0x14, 0x24, 0x1d, 0x54, 0x8b,
		0xc7, 0xf8, 0x41, 0x88, 0xe8, 0xf7, 0x9f, 0xfa, 0xf3, 0x91, 0xe6, 0xe2, 0x89, 0xdd, 0xe1, 0x86,
		0xe9, 0xc1, 0xa8, 0xeb, 0xf9, 0x63, 0x64, 0x4c, 0x87, 0xc1, 0xec, 0x8d, 0xd9, 0xcd, 0x8a, 0xcc,
		0xe9, 0xa3, 0xd4, 0xcb, 0x88, 0xce, 0xc6, 0x9d, 0xc9, 0xf7, 0x9b, 0xd5, 0xcb, 0x89, 0xed, 0xd7,
		0x8a, 0xe0, 0xf5, 0xa4, 0xe6, 0xc4, 0x8c, 0xca, 0xdf, 0x89, 0xc9, 0xc5, 0x80, 0xf7, 0xd0, 0x4e,
		0x20, 0x28, 0x0a, 0x3c, 0x24, 0x3c, 0x43, 0x83, 0xec, 0xf8, 0x8b, 0xf2, 0xf0, 0x4d, 0x4f, 0x41,
		0x88, 0xc3, 0xd9, 0x9d, 0xfd, 0xe1, 0x9b, 0xd5, 0xdd, 0x8a, 0xcc, 0xcd, 0x86, 0xed, 0xe1, 0xa9,
		0xcf, 0xdc, 0x81, 0xf9, 0xd2, 0x84, 0xd2, 0xec, 0x8a, 0xc4, 0xc9, 0x3e, 0x37, 0x3b, 0x02, 0x4c,
		0x88, 0xcd, 0xed, 0x83, 0xd8, 0xfd, 0x81, 0xc8, 0xe0, 0x4d, 0x66, 0x42, 0x4e, 0x5e, 0x58, 0x45,
		0x61, 0x8a, 0xcc, 0xc4, 0xa1, 0xfa, 0xe6, 0x88, 0xe8, 0xf7, 0x9f, 0xfa, 0xf3, 0x91, 0xe6, 0xe2,
		0x89, 0xdd, 0xe1, 0x43, 0x58, 0x45, 0x7c, 0x64, 0x5c, 0x56, 0x7d, 0x88, 0xd9, 0xe3, 0x8b, 0xe6,
		0xc5, 0x3d, 0x88, 0xe3, 0xc9, 0xa1, 0xdf, 0xf4, 0x12, 0x87, 0xdd, 0xf5, 0xa4, 0xe1, 0xdb, 0x8d,
		0xfc, 0xc9, 0x1d, 0x88, 0xe9, 0xd4, 0x9e, 0xec, 0xe7, 0x08, 0x8c, 0xe8, 0xd5, 0x85, 0xd6, 0xee,
		0x8d, 0xcd, 0xf6, 0x12, 0x91, 0xd7, 0xcf, 0x8a, 0xeb, 0xdf, 0x85, 0xc8, 0xf1, 0x68, 0x40, 0x0f,
		0x59, 0x6b, 0x5d, 0x54, 0x13, 0x4b, 0x5a, 0x42, 0xa4, 0xe3, 0xfb, 0x8c, 0xcd, 0xc5, 0x1d, 0x8b,
		0xdb, 0xcb, 0x9d, 0xcb, 0xc7, 0x08, 0x8f, 0xc8, 0xfc, 0x85, 0xd0, 0xf8, 0x19, 0x9f, 0xd5, 0xf1,
		0x92, 0xe1, 0xd7, 0x10, 0x86, 0xd2, 0xf5, 0x80, 0xfe, 0xd8, 0x12, 0x91, 0xe1, 0xf1, 0x88, 0xdc,
		0xf2, 0x1f, 0x80, 0xc4, 0xc1, 0x8b, 0xfb, 0xf8, 0x3b, 0x89, 0xc5, 0xea, 0x84, 0xf5, 0xfe, 0x3d,
		0x88, 0xfd, 0xce, 0xaf, 0xcd, 0xed, 0x12, 0x86, 0xcb, 0xe6, 0xa6, 0xe0, 0xc4, 0x15, 0xa2, 0xf7,
		0xff, 0x89, 0xce, 0xf1, 0x04, 0xa9, 0xc0, 0xdc, 0x81, 0xe9, 0xd6, 0x1d, 0x87, 0xe3, 0xea, 0x91,
		0xdd, 0xdc, 0x08, 0x8c, 0xcf, 0xea, 0x85, 0xd4, 0xc8, 0x4c, 0x72, 0x69, 0x51, 0x4e, 0x8f, 0xcf,
		0xfd, 0x48, 0x51, 0x4b, 0x5a, 0x42, 0xa5, 0xd6, 0xf9, 0x81, 0xc4, 0xd1, 0x1d, 0x88, 0xf4, 0xc5,
		0x9e, 0xf2, 0xfb, 0x08, 0x8d, 0xff, 0xe1, 0x84, 0xe1, 0xcc, 0x81, 0xc3, 0xe4, 0x12, 0x90, 0xd1,
		0xca, 0x88, 0xdd, 0xf4, 0x1f, 0x81, 0xc0, 0xcc, 0x8b, 0xce, 0xfd, 0xaf, 0xc3, 0xc4, 0x47, 0x4d,
		0x1e, 0x48, 0x6d, 0x5f, 0x44, 0x14, 0x6f, 0x53, 0x5b, 0x8b, 0xdb, 0xcb, 0x9d, 0xcb, 0xc7, 0x08,
		0x8c, 0xca, 0xe3, 0x84, 0xe4, 0xca, 0x19, 0x9e, 0xce, 0xfe, 0x90, 0xd7, 0xdc, 0x10, 0x86, 0xfa,
		0xfc, 0x83, 0xf0, 0xd1, 0x12, 0x93, 0xd5, 0xd1, 0x89, 0xe7, 0xf7, 0x1f, 0x80, 0xf0, 0xf7, 0x8a,
		0xc9, 0xf5, 0x6e, 0x66, 0x49, 0x51, 0x59, 0x8d, 0xc7, 0xd8, 0x12, 0x9c, 0xc6, 0xe2, 0x10, 0x87,
		0xc3, 0xc7, 0x4c, 0x56, 0x3a, 0x5e, 0x58, 0x5c, 0x3a, 0x44, 0x5e, 0x54, 0x8b, 0xda, 0xe5, 0xa4,
		0xe1, 0xf9, 0x15, 0xaf, 0xd3, 0xfc, 0x86, 0xe0, 0xe9, 0x04, 0xa9, 0xd8, 0xf1, 0x8c, 0xc0, 0xd6,
		0x1d, 0x8a, 0xdb, 0xe8, 0x9d, 0xdd, 0xc6, 0x5d, 0x47, 0x3c, 0x5c, 0x4d, 0x5f, 0x53, 0x18, 0x50,
		0x7e, 0x54, 0x9c, 0xe5, 0xc4, 0x89, 0xfa, 0xda, 0x1f, 0x83, 0xec, 0xfe, 0x89, 0xd9, 0xff, 0x3b,
		0x89, 0xe6, 0xe8, 0x86, 0xed, 0xe1, 0x3d, 0x86, 0xd3, 0xed, 0xa2, 0xc2, 0xfb, 0x12, 0x8b, 0xe6,
		0xc5, 0xa4, 0xe4, 0xef, 0x40, 0x4d, 0x44, 0x5e, 0x54, 0x87, 0xd8, 0xe4, 0xa5, 0xd6, 0xce, 0x15,
		0xaf, 0xd6, 0xca, 0x8a, 0xdb, 0xdf, 0x51, 0x6f, 0x15, 0x44, 0x45, 0x76, 0x5c, 0x1c, 0x46, 0x5c,
		0x5f, 0x39, 0x08, 0x12, 0x91, 0xe3, 0xee, 0x8a, 0xe8, 0xe5, 0x1f, 0x83, 0xd0, 0xe0, 0x8b, 0xea,
		0xe2, 0x3b, 0x84, 0xce, 0xc3, 0x8b, 0xcd, 0xf8, 0xa7, 0xc6, 0xd5, 0x8c, 0xd9, 0xe7, 0x48, 0x40,
		0x18, 0x55, 0x54, 0x70, 0x5e, 0x09, 0x41, 0x78, 0x56, 0x87, 0xe6, 0xf2, 0x4c, 0x47, 0x69, 0x51,
		0x4e, 0x8d, 0xff, 0xe1, 0x89, 0xed, 0xde, 0x19, 0x9e, 0xd6, 0xce, 0x92, 0xda, 0xd2, 0x45, 0x6b,
		0x46, 0x5c, 0x5f, 0x9d, 0xef, 0xe7, 0x91, 0xec, 0xef, 0x10, 0x88, 0xef, 0xf0, 0x80, 0xc6, 0xf6,
		0x12, 0x90, 0xd5, 0xe1, 0x8b, 0xf1, 0xe8, 0x1f, 0x83, 0xcb, 0xd4, 0x8b, 0xca, 0xe2, 0x3b, 0x89,
		0xf1, 0xe6, 0x8b, 0xc2, 0xfc, 0x68, 0x40, 0x0f, 0x59, 0x6b, 0x59, 0x1c, 0x46, 0x5c, 0x5f, 0x9d,
		0xcf, 0xf1, 0x91, 0xf2, 0xe7, 0x10, 0x89, 0xee, 0xe0, 0x8d, 0xe1, 0xd0, 0x12, 0x9d, 0xc8, 0xf9,
		0x84, 0xf8, 0xff, 0x1f, 0x80, 0xf6, 0xde, 0x8b, 0xef, 0xc9, 0x6e, 0x42, 0x1a, 0x5e, 0x4f, 0x54,
		0x48, 0x3c, 0x46, 0x4b, 0x53, 0xa3, 0xd4, 0xec, 0x86, 0xe0, 0xd8, 0x04, 0xa7, 0xf9, 0xd4, 0x8f,
		0xf4, 0xf9, 0x48, 0x64, 0x85, 0xed, 0xe9, 0x69, 0x51, 0x4e, 0x8c, 0xf8, 0xe9, 0x88, 0xcf, 0xd8,
		0x19, 0x91, 0xdd, 0xee, 0x9c, 0xcf, 0xc6, 0x10, 0x84, 0xd4, 0xf7, 0x80, 0xc5, 0xd2, 0x47, 0x5a,
		0x12, 0x77, 0x40, 0x50, 0x5e, 0x1e, 0x4d, 0x47, 0x7b, 0x88, 0xff, 0xfb, 0xa0, 0xd7, 0xfc, 0x12,
		0x86, 0xcc, 0xf1, 0xa7, 0xe5, 0xe6, 0x15, 0xa1, 0xe2, 0xc9, 0x86, 0xdd, 0xfb, 0x51, 0x4b, 0x64,
		0x57, 0x49, 0x7a, 0x51, 0x5c, 0x4e, 0x8b, 0xee, 0xc9, 0xa7, 0xf8, 0xf3, 0x8f, 0xcc, 0xfe, 0x86,
		0xd5, 0xfe, 0x80, 0xf7, 0xe4, 0x8b, 0xc8, 0xe6, 0x67, 0x51, 0x5c, 0x53, 0x69, 0x2c, 0x50, 0x7e,
		0x54, 0x53, 0x04, 0x3b, 0x4c, 0x00, 0x03, 0x4a, 0x5a, 0x58, 0x32, 0x01, 0x06, 0x1b, 0x3e, 0x42,
		0x1a, 0x5e, 0x4f, 0x56, 0x48, 0x3c, 0x46, 0x4b, 0x53, 0x24, 0x0d, 0x0f, 0x46, 0x5c, 0x5f, 0x5f,
		0x35, 0x12, 0x1a, 0x06, 0x33, 0x45, 0x1d, 0x1b, 0x0d, 0x04, 0x1a, 0x2d, 0x0b, 0x08, 0x1e, 0x28,
		0x02, 0x49, 0x51, 0x59, 0x42, 0x0c, 0x3d, 0x1a, 0x5d, 0x15, 0x29, 0x03, 0x15, 0x4e, 0x02, 0x07,
		0x14, 0x24, 0x47, 0x5a, 0x12, 0x77, 0x40, 0x53, 0x5e, 0x1e, 0x4d, 0x47, 0x7b, 0x06, 0x11, 0x05,
		0x37, 0x10, 0x00, 0x1d, 0x10, 0x0c, 0x0b, 0x35, 0x12, 0x04, 0x1b, 0x28, 0x1a, 0x08, 0x0a, 0x06,
		0x19, 0x1f, 0x24, 0x00, 0x11, 0x1b, 0x26, 0x18, 0x04, 0x12, 0x00, 0x17, 0x1d, 0x20, 0x1a, 0x11,
		0x15, 0x30, 0x1e, 0x08, 0x1a, 0x06, 0x19, 0x08, 0x33, 0x01, 0x10, 0x1c, 0x24, 0x09, 0x48, 0x64,
		0x2a, 0x4d, 0x47, 0x7b, 0x49, 0x19, 0x15, 0x67, 0x0d, 0x0c, 0x47, 0x5c, 0x45, 0x50, 0x7e, 0x54,
		0x01, 0x07, 0x26, 0x0e, 0x0d, 0x0b, 0x1f, 0x0b, 0x17, 0x35, 0x4e, 0x15, 0x0b, 0x2b, 0x09, 0x1d,
		0x1b, 0x0d, 0x04, 0x1a, 0x2d, 0x0b, 0x5d, 0x47, 0x3c, 0x5c, 0x4d, 0x5c, 0x53, 0x18, 0x50, 0x7e,
		0x54, 0x00, 0x06, 0x3b, 0x18, 0x09, 0x0f, 0x17, 0x19, 0x0c, 0x29, 0x07, 0x07, 0x40, 0x4d, 0x44,
		0x5e, 0x54, 0x00, 0x04, 0x16, 0x69, 0x51, 0x4e, 0x4e, 0x33, 0x10, 0x0f, 0x01, 0x17, 0x4c, 0x04,
		0x22, 0x0f, 0x1a, 0x07, 0x28, 0x18, 0x1d, 0x19, 0x0c, 0x0b, 0x50, 0x7e, 0x54, 0x53, 0x1d, 0x3b,
		0x18, 0x48, 0x12, 0x14, 0x0c, 0x14, 0x2d, 0x4e, 0x1a, 0x06, 0x33, 0x45, 0x4f, 0x15, 0x53, 0x49,
		0x4a, 0x71, 0x13, 0x5c, 0x56, 0x7d, 0x04, 0x04, 0x02, 0x13, 0x19, 0x19, 0x32, 0x1d, 0x1d, 0x1a,
		0x33, 0x10, 0x11, 0x1c, 0x0c, 0x13, 0x11, 0x25, 0x0b, 0x08, 0x0e, 0x22, 0x02, 0x04, 0x1c, 0x02,
		0x11, 0x1d, 0x3d, 0x0d, 0x06, 0x0c, 0x26, 0x18, 0x04, 0x12, 0x14, 0x17, 0x11, 0x35, 0x0b, 0x08,
		0x0d, 0x28, 0x4c, 0x15, 0x06, 0x02, 0x11, 0x04, 0x27, 0x1b, 0x18, 0x0f, 0x2e, 0x00, 0x0d, 0x12,
		0x00, 0x0a, 0x15, 0x31, 0x02, 0x0d, 0x40, 0x4d, 0x44, 0x5e, 0x54, 0x2a, 0x19, 0x0f, 0x24, 0x47,
		0x54, 0x41, 0x78, 0x56, 0x0c, 0x1b, 0x10, 0x11, 0x04, 0x2f, 0x0b, 0x11, 0x0d, 0x67, 0x18, 0x0e,
		0x12, 0x0b, 0x04, 0x0e, 0x24, 0x4e, 0x00, 0x06, 0x6e, 0x4c, 0x49, 0x51, 0x59, 0x01, 0x1d, 0x22,
		0x02, 0x1d, 0x07, 0x22, 0x10, 0x13, 0x0b, 0x05, 0x10, 0x0b, 0x24, 0x12, 0x06, 0x0c, 0x2d, 0x09,
		0x02, 0x1a, 0x4a, 0x6f, 0x50, 0x7e, 0x54, 0x15, 0x0e, 0x26, 0x05, 0x0f, 0x1d, 0x17, 0x19, 0x0e,
		0x28, 0x01, 0x18, 0x08, 0x33, 0x09, 0x12, 0x51, 0x1f, 0x07, 0x0a, 0x24, 0x0f, 0x17, 0x01, 0x22,
		0x1f, 0x5e, 0x47, 0x43, 0x4d, 0x47, 0x7b, 0x03, 0x0d, 0x15, 0x33, 0x04, 0x04, 0x47, 0x43, 0x4d,
		0x47, 0x7b, 0x1e, 0x1b, 0x05, 0x2e, 0x0f, 0x18, 0x12, 0x13, 0x0a, 0x14, 0x28, 0x0d, 0x1d, 0x0c,
		0x34, 0x10, 0x06, 0x1b, 0x0a, 0x01, 0x1d, 0x2d, 0x07, 0x1a, 0x0c, 0x34, 0x10, 0x13, 0x1b, 0x0f,
		0x00, 0x0b, 0x3d, 0x1a, 0x11, 0x1b, 0x2a, 0x1f, 0x1d, 0x1e, 0x11, 0x0a, 0x1f, 0x33, 0x0f, 0x19,
		0x04, 0x2e, 0x02, 0x06, 0x47, 0x69, 0x4d, 0x47, 0x7b, 0x0b, 0x00, 0x01, 0x2e, 0x0f, 0x00, 0x02,
		0x1f, 0x08, 0x17, 0x33, 0x0f, 0x18, 0x15, 0x34, 0x0d, 0x07, 0x0b, 0x17, 0x1c, 0x04, 0x2d, 0x0b,
		0x13, 0x08, 0x2b, 0x10, 0x02, 0x01, 0x0e, 0x15, 0x14, 0x28, 0x0f, 0x1a, 0x0a, 0x22, 0x45, 0x41,
		0x46, 0x5c, 0x5f, 0x0a, 0x24, 0x0f, 0x07, 0x06, 0x29, 0x1f, 0x1d, 0x0d, 0x0c, 0x0b, 0x1b, 0x24,
		0x1c, 0x1a, 0x1a, 0x3b, 0x0f, 0x0e, 0x00, 0x10, 0x0c, 0x1c, 0x24, 0x1c, 0x15, 0x1d, 0x2e, 0x03,
		0x0f, 0x1d, 0x1f, 0x02, 0x0d, 0x28, 0x0a, 0x11, 0x05, 0x2e, 0x02, 0x04, 0x1d, 0x4a, 0x6f, 0x50,
		0x7e, 0x54, 0x1a, 0x06, 0x33, 0x4c, 0x49, 0x51, 0x59, 0x04, 0x08, 0x31, 0x1c, 0x1b, 0x19, 0x35,
		0x05, 0x00, 0x1a, 0x06, 0x19, 0x0b, 0x34, 0x07, 0x00, 0x08, 0x25, 0x00, 0x04, 0x12, 0x13, 0x00,
		0x0a, 0x2c, 0x07, 0x07, 0x1a, 0x2e, 0x0e, 0x0d, 0x0b, 0x1f, 0x04, 0x14, 0x2d, 0x01, 0x03, 0x0c,
		0x23, 0x10, 0x11, 0x0b, 0x11, 0x08, 0x11, 0x35, 0x1a, 0x11, 0x0d, 0x6e, 0x45, 0x6b, 0x46, 0x5c,
		0x5f, 0x31, 0x3d, 0x19, 0x11, 0x40, 0x67, 0x44, 0x5e, 0x54, 0x07, 0x0a, 0x16, 0x66, 0x1a, 0x08,
		0x0d, 0x28, 0x4c, 0x0f, 0x01, 0x17, 0x4c, 0x58, 0x69, 0x51, 0x4e, 0x1a, 0x32, 0x1c, 0x11, 0x01,
		0x11, 0x11, 0x04, 0x22, 0x01, 0x1a, 0x0d, 0x28, 0x02, 0x04, 0x12, 0x06, 0x0b, 0x1c, 0x2e, 0x1c,
		0x07, 0x0c, 0x3b, 0x0a, 0x00, 0x0d, 0x0a, 0x09, 0x11, 0x35, 0x0f, 0x00, 0x0c, 0x6e, 0x66, 0x49,
		0x51, 0x59, 0x0c, 0x16, 0x20, 0x1e, 0x04, 0x1b, 0x28, 0x1c, 0x13, 0x07, 0x02, 0x11, 0x1d, 0x3d,
		0x06, 0x15, 0x1b, 0x2a, 0x0a, 0x14, 0x02, 0x1f, 0x01, 0x19, 0x2f, 0x09, 0x11, 0x1b, 0x28, 0x19,
		0x12, 0x12, 0x0a, 0x09, 0x14, 0x24, 0x09, 0x15, 0x05, 0x3b, 0x19, 0x0f, 0x0b, 0x17, 0x0d, 0x11,
		0x22, 0x0f, 0x18, 0x15, 0x32, 0x02, 0x0d, 0x0f, 0x14, 0x03, 0x0d, 0x2d, 0x47, 0x7e, 0x63, 0x64,
		0x4c, 0x5c, 0x53, 0x5e, 0x45, 0x3b, 0x38, 0x0c, 0x11, 0x1b, 0x67, 0x0a, 0x0d, 0x0f, 0x04, 0x45,
		0x15, 0x20, 0x1c, 0x1f, 0x0c, 0x35, 0x1f, 0x41, 0x53, 0x5e, 0x58, 0x72, 0x27, 0x02, 0x15, 0x0e,
		0x20, 0x09, 0x05, 0x4e, 0x05, 0x0a, 0x0a, 0x61, 0x1e, 0x1b, 0x1a, 0x34, 0x05, 0x03, 0x02, 0x06,
		0x45, 0x1b, 0x38, 0x0c, 0x11, 0x1b, 0x34, 0x09, 0x02, 0x1b, 0x11, 0x0c, 0x0c, 0x38, 0x64, 0x17,
		0x10, 0x25, 0x09, 0x13, 0x1d, 0x06, 0x06, 0x0d, 0x33, 0x07, 0x00, 0x10, 0x67, 0x1e, 0x08, 0x1d,
		0x08, 0x6f, 0x2c, 0x33, 0x1b, 0x07, 0x1d, 0x22, 0x08, 0x41, 0x2f, 0x00, 0x06, 0x1d, 0x32, 0x1d,
		0x54, 0x0f, 0x28, 0x1e, 0x41, 0x2d, 0x1a, 0x07, 0x1d, 0x33, 0x64, 0x93, 0xd4, 0xd6, 0x8b, 0xda,
		0xf2, 0x86, 0xcb, 0xf1, 0xa4, 0xeb, 0xdc, 0x8e, 0xea, 0xfa, 0x86, 0xfb, 0xc6, 0x6f, 0x90, 0xee,
		0xcb, 0x90, 0xd5, 0xdd, 0x84, 0xce, 0xf3, 0x86, 0xd2, 0xca, 0xa9, 0xcc, 0xdf, 0x8e, 0xfa, 0xfd,
		0x86, 0xd5, 0xff, 0x80, 0xd6, 0xc8, 0x8b, 0xf1, 0xc1, 0xa0, 0xc1, 0xf7, 0x89, 0xf6, 0xc0, 0x9d,
		0xf0, 0xe1, 0x9c, 0xfd, 0xfa, 0x66, 0x6b, 0x4d, 0x43, 0x58, 0x45, 0x7c, 0x4e, 0x26, 0x0c, 0x21,
		0x19, 0x12, 0x0f, 0x0f, 0x45, 0x08, 0x20, 0x1a, 0x00, 0x0c, 0x35, 0x02, 0x12, 0x4e, 0x14, 0x0c,
		0x0c, 0x29, 0x4e, 0x17, 0x06, 0x29, 0x18, 0x04, 0x16, 0x17, 0x45, 0x45, 0x7c, 0x53, 0x7e, 0x41,
		0x78, 0x56, 0x87, 0xf9, 0xc3, 0x83, 0xcb, 0xd4, 0x12, 0x90, 0xd1, 0xca, 0x84, 0xe2, 0xd3, 0x4a,
		0x4b, 0x03, 0x71, 0x42, 0x46, 0x59, 0x3a, 0x44, 0x5e, 0x54, 0x85, 0xd3, 0xf1, 0xa4, 0xe1, 0xfe,
		0x15, 0xa2, 0xe9, 0xd2, 0x8a, 0xd9, 0xeb, 0x04, 0xa4, 0xe2, 0xf1, 0x8c, 0xd7, 0xc7, 0x48, 0x40,
		0x18, 0x55, 0x54, 0x70, 0x5e, 0x09, 0x41, 0x78, 0x56, 0x87, 0xfa, 0xd8, 0x80, 0xff, 0xfa, 0x12,
		0x91, 0xec, 0xe2, 0x88, 0xdf, 0xdb, 0x1f, 0x82, 0xd8, 0xf5, 0x86, 0xd3, 0xca, 0x3b, 0x8a, 0xdd,
		0xe1, 0x85, 0xd1, 0xe6, 0xa4, 0xe6, 0xdd, 0x8e, 0xd3, 0xc4, 0x1d, 0x88, 0xe2, 0xd3, 0x9e, 0xc5,
		0xe1, 0x5d, 0x63, 0x6f, 0x53, 0x5b, 0x0d, 0x02, 0x0b, 0x16, 0x2e, 0x1a, 0x08, 0x0a, 0x26, 0x02,
		0x46, 0x1a, 0x4a, 0x4b, 0x03, 0x71, 0x42, 0x46, 0x59, 0x3a, 0x44, 0x5e, 0x54, 0x06, 0x0b, 0x1f,
		0x20, 0x09, 0x11, 0x49, 0x2e, 0x02, 0x1d, 0x1e, 0x02, 0x17, 0x0c, 0x28, 0x0d, 0x1d, 0x19, 0x26,
		0x18, 0x04, 0x4e, 0x0a, 0x0b, 0x04, 0x20, 0x1d, 0x07, 0x00, 0x34, 0x18, 0x41, 0x19, 0x0a, 0x11,
		0x10, 0x68, 0x40, 0x0f, 0x59, 0x6b, 0x5d, 0x51, 0x13, 0x4b, 0x5a, 0x42, 0x20, 0x1a, 0x00, 0x08,
		0x24, 0x07, 0x1d, 0x0b, 0x1b, 0x15, 0x14, 0x2e, 0x07, 0x00, 0x15, 0x2f, 0x0d, 0x02, 0x05, 0x1f,
		0x08, 0x19, 0x2d, 0x07, 0x17, 0x00, 0x28, 0x19, 0x12, 0x12, 0x0a, 0x09, 0x14, 0x24, 0x09, 0x15,
		0x05, 0x6e, 0x66, 0x6b, 0x4d, 0x43, 0x58, 0x45, 0x7c, 0x4e, 0x9c, 0xd4, 0xe8, 0x8a, 0xea, 0xfc,
		0x84, 0xde, 0xe5, 0xae, 0xd2, 0xfc, 0x8f, 0xef, 0xcd, 0x84, 0xf0, 0xe8, 0x81, 0xc0, 0xfa, 0x8b,
		0xfe, 0xc1, 0xa2, 0xed, 0xfd, 0x88, 0xce, 0xc7, 0x9c, 0xfc, 0xe8, 0x92, 0xdb, 0xe6, 0x8b, 0xf5,
		0xc6, 0x84, 0xc3, 0xf9, 0xa7, 0xc3, 0xd6, 0x81, 0xe8, 0xe1, 0x8e, 0xd2, 0xea, 0x58, 0x45, 0x7c,
		0x64, 0x92, 0xe1, 0xd6, 0x44, 0x5e, 0x54, 0x87, 0xdd, 0xf5, 0x3d, 0x8a, 0xcc, 0xe4, 0xa3, 0xd0,
		0xfb, 0x47, 0x4d, 0x1e, 0x48, 0x6d, 0x5f, 0x44, 0x14, 0x6f, 0x53, 0x5b, 0x8b, 0xec, 0xe7, 0x9c,
		0xf9, 0xe0, 0x08, 0x8f, 0xf1, 0xe5, 0x84, 0xe1, 0xe9, 0x19, 0x9e, 0xd5, 0xc1, 0x92, 0xe5, 0xc6,
		0x10, 0x88, 0xeb, 0xee, 0x80, 0xe8, 0xc9, 0x12, 0x92, 0xe0, 0xe0, 0x84, 0xc0, 0xe2, 0x1f, 0x80,
		0xd6, 0xdf, 0x89, 0xfa, 0xd9, 0x6e, 0x42, 0x1a, 0x5e, 0x4f, 0x54, 0x48, 0x3c, 0x46, 0x4b, 0x53,
		0xaf, 0xd3, 0xf8, 0x89, 0xd2, 0xde, 0x04, 0xa9, 0xd1, 0xed, 0x8e, 0xe0, 0xe1, 0x1d, 0x88, 0xce,
		0xc1, 0x9f, 0xf0, 0xd5, 0x08, 0x81, 0xe8, 0xc9, 0x48, 0x40, 0x18, 0x55, 0x54, 0x74, 0x13, 0x5c,
		0x56, 0x7d, 0x89, 0xcf, 0xf0, 0x84, 0xeb, 0xc8, 0x3d, 0x88, 0xe7, 0xe4, 0xa3, 0xd1, 0xfd, 0x12,
		0x8b, 0xc4, 0xf4, 0xa5, 0xd6, 0xce, 0x15, 0xa2, 0xe6, 0xfe, 0x86, 0xe0, 0xd8, 0x04, 0xa9, 0xc1,
		0xc3, 0x8f, 0xf6, 0xee, 0x48, 0x64, 0x85, 0xed, 0xe9, 0x69, 0x51, 0x4e, 0x8d, 0xff, 0xe1, 0x1d,
		0x8a, 0xdb, 0xe8, 0x9c, 0xfd, 0xf4, 0x5d, 0x47, 0x3c, 0x5c, 0x4d, 0x5f, 0x53, 0x18, 0x50, 0x7e,
		0x54, 0x9c, 0xd6, 0xd9, 0x8a, 0xef, 0xcb, 0x1f, 0x83, 0xcb, 0xe9, 0x8b, 0xf1, 0xcc, 0x3b, 0x04,
		0x0e, 0x01, 0x08, 0x19, 0x90, 0xee, 0xd5, 0x91, 0xe6, 0xd1, 0x45, 0x4f, 0x15, 0x53, 0x49, 0x49,
		0x71, 0x13, 0x5c, 0x56, 0x7d, 0x8a, 0xd9, 0xd6, 0x85, 0xed, 0xf7, 0x3d, 0x86, 0xcb, 0xf2, 0xa0,
		0xc4, 0xea, 0x12, 0x86, 0xcb, 0xda, 0xa7, 0xe6, 0xc3, 0x8e, 0xec, 0xc3, 0x1d, 0x8b, 0xe5, 0xe0,
		0x9d, 0xec, 0xf6, 0x5d, 0x63, 0x6f, 0x53, 0x5b, 0x8b, 0xe2, 0xf9, 0x9e, 0xec, 0xcc, 0x08, 0x8e,
		0xfc, 0xe4, 0x87, 0xc3, 0xc1, 0x19, 0x9c, 0xf9, 0xc3, 0x92, 0xc4, 0xe5, 0x45, 0x4f, 0x15, 0x53,
		0x49, 0x49, 0x71, 0x13, 0x5c, 0x56, 0x7d, 0x8b, 0xda, 0xc9, 0x84, 0xde, 0xd5, 0x3d, 0x86, 0xcb,
		0xf2, 0xa3, 0xd4, 0xe1, 0x88, 0xce, 0xc0, 0x04, 0xa4, 0xfe, 0xfa, 0x8e, 0xfc, 0xc1, 0x48, 0x40,
		0x18, 0x55, 0x54, 0x70, 0x5e, 0x09, 0x41, 0x78, 0x56, 0x85, 0xd1, 0xcd, 0x83, 0xec, 0xf8, 0x12,
		0x93, 0xd5, 0xd1, 0x84, 0xce, 0xff, 0x1f, 0x8c, 0xd2, 0xcd, 0x86, 0xdb, 0xe8, 0x3b, 0x89, 0xcf,
		0xf0, 0x84, 0xeb, 0xc8, 0x3d, 0x88, 0xfd, 0xce, 0xaf, 0xcd, 0xed, 0x47, 0x69, 0x4d, 0x47, 0x7b,
		0x8a, 0xcc, 0xe4, 0x3b, 0x88, 0xd9, 0xe3, 0x87, 0xd9, 0xe2, 0x68, 0x40, 0x0f, 0x59, 0x6b, 0x59,
		0x1c, 0x46, 0x5c, 0x5f, 0x90, 0xfe, 0xf0, 0x92, 0xe7, 0xe2, 0x10, 0x87, 0xdd, 0xcb, 0x80, 0xfd,
		0xe4, 0x12, 0x9c, 0xc6, 0xfc, 0x89, 0xee, 0xf8, 0x1f, 0x83, 0xeb, 0xcc, 0x8a, 0xc9, 0xf5, 0x6e,
		0x42, 0x1a, 0x5e, 0x4f, 0x54, 0x48, 0x3c, 0x46, 0x4b, 0x53, 0xa0, 0xf0, 0xfe, 0x8b, 0xcd, 0xfb,
		0x04, 0xa4, 0xc0, 0xea, 0x80, 0xde, 0xe9, 0x1d, 0x88, 0xce, 0xc6, 0x9d, 0xfd, 0xe1, 0x08, 0x8e,
		0xdc, 0xc2, 0x87, 0xce, 0xe4, 0x4c, 0x56, 0x3a, 0x5e, 0x58, 0x5c, 0x3a, 0x44, 0x5e, 0x54, 0x85,
		0xdd, 0xc0, 0xa7, 0xe6, 0xfb, 0x15, 0xaf, 0xd3, 0xfa, 0x89, 0xcb, 0xee, 0x04, 0xa4, 0xc0, 0xd6,
		0x8f, 0xcf, 0xdb, 0x86, 0xc5, 0xcc, 0x19, 0x9e, 0xdd, 0xe3, 0x91, 0xe3, 0xe6, 0x89, 0xf8, 0xc6,
		0x4a, 0x6f, 0x0c, 0x29, 0x07, 0x07, 0x49, 0x35, 0x09, 0x10, 0x1b, 0x06, 0x16, 0x0c, 0x61, 0x46,
		0x4b, 0x53, 0x30, 0x03, 0x14, 0x02, 0x07, 0x19, 0x0f, 0x28, 0x02, 0x18, 0x40, 0x67, 0x44, 0x5e,
		0x54, 0x07, 0x0c, 0x0a, 0x24, 0x0d, 0x00, 0x05, 0x3e, 0x10, 0x08, 0x03, 0x0e, 0x00, 0x1c, 0x28,
		0x0f, 0x00, 0x0c, 0x2b, 0x15, 0x48, 0x40, 0x18, 0x55, 0x54, 0x72, 0x5e, 0x09, 0x41, 0x78, 0x56,
		0x02, 0x06, 0x06, 0x04, 0x0c, 0x3d, 0x06, 0x15, 0x0a, 0x2c, 0x10, 0x04, 0x16, 0x13, 0x09, 0x17,
		0x28, 0x1a, 0x08, 0x0b, 0x3e, 0x1c, 0x00, 0x1d, 0x10, 0x4c, 0x72, 0x08, 0x4e, 0x5c, 0x56, 0x7d,
		0x08, 0x0e, 0x00, 0x44, 0x11, 0x04, 0x25, 0x01, 0x54, 0x07, 0x28, 0x18, 0x1d, 0x19, 0x0c, 0x0b,
		0x5f, 0x35, 0x47, 0x54, 0x41, 0x78, 0x56, 0x11, 0x0f, 0x11, 0x11, 0x11, 0x22, 0x07, 0x04, 0x08,
		0x33, 0x09, 0x1d, 0x0b, 0x0d, 0x02, 0x19, 0x26, 0x0b, 0x08, 0x08, 0x34, 0x1f, 0x08, 0x1d, 0x17,
		0x4c, 0x56, 0x3a, 0x5e, 0x58, 0x5b, 0x77, 0x11, 0x49, 0x51, 0x59, 0x11, 0x10, 0x28, 0x1d, 0x54,
		0x1d, 0x3e, 0x1c, 0x04, 0x12, 0x17, 0x0d, 0x11, 0x32, 0x4e, 0x1f, 0x00, 0x29, 0x08, 0x1d, 0x1d,
		0x16, 0x06, 0x10, 0x68, 0x64,
	},
	"data/rewrite_prompt.txt": {
		0x9c, 0xfc, 0xce, 0x92, 0xf1, 0xe8, 0x88, 0xd9, 0xee, 0x86, 0xf5, 0xf5, 0xa9, 0xc1, 0xc3, 0x8f,
		0xf6, 0xee, 0x87, 0xfa, 0xda, 0x80, 0xfe, 0xd8, 0x8b, 0xed, 0xc1, 0xa4, 0xec, 0xe3, 0x8a, 0xde,
		0xc5, 0x9f, 0xdb, 0xea, 0x90, 0xd2, 0xfc, 0x89, 0xeb, 0xcf, 0x87, 0xdd, 0xf5, 0xa7, 0xf6, 0xdb,
		0x8f, 0xdb, 0xd6, 0x87, 0xcc, 0xd3, 0x83, 0xe3, 0xfe, 0x88, 0xf9, 0xcb, 0xaf, 0xc3, 0xec, 0x86,
		0xcc, 0xc8, 0x97, 0xfd, 0xe2, 0x9c, 0xe9, 0xcb, 0x8a, 0xf9, 0xc1, 0x86, 0xf9, 0xd0, 0xa6, 0xfa,
		0xdc, 0x8f, 0xcf, 0xdb, 0x87, 0xd8, 0xeb, 0x83, 0xf9, 0xee, 0x86, 0xd6, 0xc2, 0xa0, 0xf7, 0xcf,
		0x88, 0xc3, 0xe2, 0x9e, 0xe9, 0xcf, 0x91, 0xf7, 0xcc, 0x8a, 0xea, 0xfc, 0x84, 0xde, 0xe5, 0xa4,
		0xfe, 0xfa, 0x86, 0xfb, 0xe0, 0x84, 0xc1, 0xda, 0x83, 0xce, 0xc9, 0x88, 0xf5, 0xc6, 0xa2, 0xed,
		0xfb, 0x8a, 0xdb, 0xe5, 0x9e, 0xed, 0xcf, 0x92, 0xf2, 0xf3, 0x84, 0xe6, 0xc4, 0x84, 0xe1, 0xce,
		0xa2, 0xee, 0xf5, 0x8f, 0xdc, 0xd8, 0x86, 0xef, 0xd6, 0x83, 0xcc, 0xfa, 0x89, 0xee, 0xed, 0xae,
		0xeb, 0xec, 0x8b, 0xe5, 0xfc, 0x9b, 0xc1, 0xec, 0x7e, 0x63, 0xa1, 0xcc, 0xd9, 0x8b, 0xdc, 0xe6,
		0x90, 0xe6, 0xea, 0x91, 0xe1, 0xde, 0x83, 0xdd, 0xf4, 0x69, 0x48, 0x58, 0xa5, 0xd6, 0xd1, 0x8f,
		0xe7, 0xd0, 0x85, 0xd1, 0xfe, 0x82, 0xed, 0xd8, 0x89, 0xe0, 0xc1, 0xa1, 0xe4, 0xd6, 0x89, 0xf9,
		0xe1, 0x9e, 0xe1, 0xd6, 0x91, 0xd6, 0xc4, 0x8b, 0xfa, 0xc0, 0x85, 0xc5, 0xff, 0xa2, 0xee, 0xf5,
		0x8f, 0xcd, 0xec, 0x87, 0xf2, 0xcc, 0x80, 0xd6, 0xdf, 0x8a, 0xc9, 0xfa, 0xa4, 0xec, 0xe0, 0x3b,
		0x31, 0x29, 0x9b, 0xc1, 0xef, 0x92, 0xe7, 0xe2, 0x89, 0xee, 0xcd, 0x80, 0xe5, 0xf9, 0xa4, 0xe1,
		0xf6, 0x8f, 0xd2, 0xdc, 0x82, 0xee, 0xe2, 0x80, 0xcf, 0xe4, 0x8b, 0xf1, 0xde, 0xa2, 0xfc, 0xec,
		0x8d, 0xe3, 0xe4, 0x9e, 0xd7, 0xe9, 0x90, 0xd2, 0xf1, 0x89, 0xf1, 0xe3, 0x80, 0xe5, 0xf9, 0xa7,
		0xfb, 0xc4, 0x8f, 0xca, 0xc2, 0x86, 0xd5, 0xf0, 0x83, 0xe6, 0xc5, 0x8d, 0xf4, 0xe8, 0xaf, 0xd2,
		0xf2, 0x8b, 0xe6, 0xc0, 0x90, 0xff, 0xfd, 0x91, 0xee, 0xfd, 0x84, 0xc7, 0xef, 0x85, 0xd4, 0xfa,
		0xa4, 0xfc, 0xf8, 0x81, 0xf9, 0xd5, 0x86, 0xfb, 0xef, 0x83, 0xe5, 0xe0, 0x8a, 0xcf, 0xdf, 0x4d,
		0x41, 0x41, 0x8a, 0xdb, 0xe8, 0x90, 0xe7, 0xef, 0x91, 0xee, 0xea, 0x8b, 0xc8, 0xd4, 0x85, 0xd2,
		0xc3, 0xa4, 0xe4, 0xd4, 0x8f, 0xd1, 0xdc, 0x88, 0xf2, 0xe3, 0x83, 0xc9, 0xc3, 0x81, 0xc8, 0xe5,
		0xa3, 0xd5, 0xfe, 0x8a, 0xdb, 0xe8, 0x90, 0xe7, 0xef, 0x91, 0xe1, 0xe7, 0x85, 0xf8, 0xca, 0x86,
		0xe0, 0xcb, 0xa8, 0xfa, 0xda, 0x8e, 0xfc, 0xea, 0x89, 0xe4, 0xe1, 0x6f, 0x55, 0x61, 0x8a, 0xc8,
		0xf1, 0xa2, 0xe9, 0xe9, 0x8a, 0xdc, 0xf8, 0x9e, 0xcd, 0xef, 0x91, 0xe7, 0xd8, 0x84, 0xce, 0xc3,
		0x8b, 0xcd, 0xf8, 0xa4, 0xfc, 0xf8, 0x8d, 0xff, 0xff, 0x85, 0xd6, 0xf9, 0x83, 0xe4, 0xee, 0x86,
		0xdb, 0xc4, 0xa8, 0xd0, 0xed, 0x8b, 0xec, 0xcf, 0x9c, 0xfd, 0xf6, 0x91, 0xe5, 0xd1, 0x84, 0xc0,
		0xc6, 0x8b, 0xdb, 0xc6, 0xa7, 0xf8, 0xcd, 0x8c, 0xfb, 0xe3, 0x82, 0xee, 0xe2, 0x82, 0xc3, 0xd2,
		0x88, 0xea, 0xed, 0xae, 0xcd, 0xdb, 0x8b, 0xd9, 0xea, 0x9b, 0xc1, 0xef, 0x90, 0xd2, 0xfc, 0x89,
		0xeb, 0xcf, 0x43, 0x03, 0x0a, 0x20, 0x03, 0x1d, 0x07, 0x20, 0x66, 0x4c, 0x4e, 0x87, 0xd8, 0xc7,
		0xa4, 0xeb, 0xc2, 0x8f, 0xdc, 0xd8, 0x84, 0xed, 0xec, 0x80, 0xe8, 0xc9, 0x86, 0xd3, 0xed, 0xa0,
		0xf6, 0xe5, 0x86, 0xd3, 0xe6, 0x90, 0xee, 0xfb, 0x97, 0xe9, 0xc6, 0x8a, 0xef, 0xfc, 0x8a, 0xff,
		0xe4, 0xa2, 0xee, 0xf5, 0x8c, 0xc2, 0xd0, 0x84, 0xc0, 0xda, 0x83, 0xf8, 0xe6, 0x8b, 0xfc, 0xef,
		0xa1, 0xf2, 0xf1, 0x8d, 0xe3, 0xe4, 0x9d, 0xcf, 0xf1, 0x93, 0xf9, 0xc1, 0x84, 0xc6, 0xcd, 0x8a,
		0xe2, 0xf2, 0xa2, 0xee, 0xf5, 0x8e, 0xe7, 0xf8, 0x86, 0xc7, 0xd5, 0x8d, 0xd6, 0xf1, 0x8b, 0xc9,
		0xfc, 0xa1, 0xe4, 0xf7, 0x8b, 0xd4, 0xd7, 0x9e, 0xcf, 0xe6, 0x92, 0xf4, 0xc4, 0x8a, 0xd4, 0xe5,
		0x8b, 0xca, 0xed, 0xa9, 0xc1, 0xc3, 0x8f, 0xf6, 0xee, 0x6b, 0x43, 0x43, 0x81, 0xc0, 0xcc, 0x86,
		0xd2, 0xe8, 0xa2, 0xc9, 0xf6, 0x8b, 0xf8, 0xdf, 0x9d, 0xef, 0xf4, 0x92, 0xc1, 0xe6, 0x8a, 0xfc,
		0xd1, 0x8c, 0xd9, 0xf4, 0xa5, 0xd6, 0xf9, 0x81, 0xe1, 0xed, 0x87, 0xc1, 0xec, 0x83, 0xd4, 0xe0,
		0x87, 0xf7, 0xd4, 0xa3, 0xd1, 0xde, 0x89, 0xf7, 0xcd, 0x9f, 0xda, 0xd6, 0x91, 0xf9, 0xcb, 0x89,
		0xee, 0xcb, 0x86, 0xd9, 0xf7, 0xae, 0xd2, 0xf8, 0x8d, 0xff, 0xe1, 0x89, 0xc8, 0xe2, 0x82, 0xec,
		0xde, 0x89, 0xd5, 0xc5, 0xa1, 0xf7, 0xde, 0x88, 0xee, 0xc7, 0x9d, 0xc4, 0xdd, 0x9d, 0xfd, 0xe9,
		0x84, 0xce, 0xe3, 0x69, 0x48, 0x58, 0xa4, 0xc8, 0xf6, 0x8f, 0xd9, 0xf0, 0x87, 0xe1, 0xf3, 0x81,
		0xc6, 0xda, 0x8a, 0xce, 0xef, 0xa3, 0xd4, 0xeb, 0x8a, 0xdb, 0xe5, 0x90, 0xfc, 0xc0, 0x92, 0xe2,
		0xd5, 0x8b, 0xcc, 0xfa, 0x86, 0xe3, 0xfd, 0xa4, 0xc0, 0xcd, 0x86, 0xfb, 0xe0, 0x89, 0xc1, 0xd4,
		0x82, 0xc3, 0xd2, 0x8b, 0xe4, 0xe1, 0xaf, 0xc3, 0xc4, 0x88, 0xe8, 0xf7, 0x9f, 0xec, 0xfa, 0x91,
		0xef, 0xc2, 0x89, 0xcf, 0xd7, 0x8b, 0xd5, 0xfb, 0xa7, 0xfb, 0xc0, 0x81, 0xe6, 0xc4, 0x89, 0xd0,
		0xdd, 0x8a, 0xc4, 0xcd, 0x8b, 0xc4, 0xd4, 0xae, 0xeb, 0xee, 0x87, 0xe2, 0xda, 0x9d, 0xfd, 0xee,
		0x91, 0xc6, 0xfb, 0x84, 0xe6, 0xda, 0x85, 0xee, 0xea, 0xa6, 0xc3, 0xe0, 0x8e, 0xdd, 0xe8, 0x89,
		0xcf, 0xcb, 0x8d, 0xc7, 0xf1, 0x88, 0xe2, 0xd0, 0xa2, 0xd0, 0xee, 0x64, 0x69, 0x82, 0xde, 0xc0,
		0x88, 0xd9, 0xcb, 0xaf, 0xd2, 0xf2, 0x8b, 0xe4, 0xdf, 0x9f, 0xdb, 0xea, 0x9c, 0xc6, 0xca, 0x83,
		0xdd, 0xe6, 0x84, 0xc4, 0xd4, 0xa7, 0xee, 0xd3, 0x8e, 0xfd, 0xca, 0x87, 0xf3, 0xfc, 0x8a, 0xc4,
		0xc8, 0x81, 0xc8, 0xf3, 0x4d, 0x41, 0x41, 0x89, 0xc5, 0xe4, 0x9e, 0xec, 0xcc, 0x91, 0xee, 0xfd,
		0x8b, 0xef, 0xde, 0x8c, 0xd9, 0xe2, 0xa8, 0xf4, 0xe4, 0x81, 0xd0, 0xe3, 0x89, 0xd1, 0xf8, 0x82,
		0xd0, 0xca, 0x8d, 0xf4, 0xe8, 0xae, 0xf8, 0xcf, 0x89, 0xf8, 0xfd, 0x90, 0xef, 0xde, 0x91, 0xd4,
		0xd2, 0x89, 0xf8, 0xc6, 0x80, 0xe5, 0xf9, 0xa7, 0xdd, 0xdc, 0x8c, 0xc2, 0xc9, 0x82, 0xee, 0xe2,
		0x80, 0xe8, 0xcf, 0x87, 0xe3, 0xc1, 0xa4, 0xec, 0xe0, 0x88, 0xff, 0xcd, 0x91, 0xe8, 0xc2, 0x97,
		0xe9, 0xc6, 0x1e, 0x0e, 0x01, 0x17, 0x0e, 0x11, 0x35, 0x8d, 0xf4, 0xe8, 0x22, 0x14, 0x11, 0x02,
		0x0c, 0x0c, 0x0c, 0xa2, 0xee, 0xf5, 0x19, 0x26, 0x15, 0x0d, 0x01, 0x02, 0x01, 0x9b, 0xc1, 0xef,
		0x07, 0x01, 0x22, 0x00, 0x0d, 0x0d, 0x0c, 0x01, 0x1d, 0x4b, 0x43, 0x54, 0x8e, 0xe1, 0xed, 0x87,
		0xc3, 0xc1, 0x80, 0xff, 0xfb, 0x89, 0xfa, 0xd9, 0xa8, 0xd0, 0xfb, 0x06, 0x0a, 0x01, 0x1d, 0x61,
		0x1e, 0x06, 0x06, 0x24, 0x09, 0x12, 0x1d, 0x80, 0xe5, 0xf9, 0x2a, 0x0b, 0x0d, 0x05, 0x28, 0x0b,
		0x06, 0x0b, 0x11, 0x86, 0xf8, 0xc0, 0x07, 0x1a, 0x03, 0x22, 0x0f, 0x15, 0x8d, 0xe3, 0xe4, 0x1a,
		0x20, 0x0d, 0x1f, 0x0d, 0x28, 0x03, 0x13, 0x8d, 0xe3, 0xe4, 0x0c, 0x33, 0x01, 0x1e, 0x08, 0x29,
		0x8f, 0xe1, 0xef, 0x06, 0x1d, 0x08, 0x2d, 0x01, 0x1d, 0x1d, 0x67, 0x1c, 0x00, 0x17, 0x0f, 0x0a,
		0x19, 0x25, 0x64, 0x59, 0x49, 0xa0, 0xca, 0xe0, 0x88, 0xce, 0xc7, 0x9d, 0xc6, 0xd4, 0x93, 0xe7,
		0xf7, 0x83, 0xdd, 0xf4, 0x20, 0x17, 0x1d, 0x20, 0x1a, 0x11, 0x3b, 0x22, 0x01, 0x0e, 0x1a, 0x06,
		0x31, 0x10, 0x33, 0x0b, 0x15, 0x0d, 0xa4, 0xec, 0xe0, 0x2a, 0x0f, 0x09, 0x31, 0x2f, 0x04, 0x11,
		0x0a, 0x33, 0x8f, 0xe1, 0xef, 0x8b, 0xda, 0xe3, 0xa6, 0xc6, 0xff, 0x8f, 0xf4, 0xc4, 0x84, 0xeb,
		0xc6, 0x86, 0xf8, 0xc0, 0x2a, 0x38, 0x25, 0xa1, 0xdf, 0xc9, 0x8b, 0xe6, 0xc0, 0x72, 0x6c, 0x4e,
		0x93, 0xcf, 0xc6, 0x8a, 0xcc, 0xcc, 0x86, 0xe2, 0xc2, 0xa6, 0xe0, 0xc4, 0x86, 0xfb, 0xf6, 0x86,
		0xc4, 0xe0, 0x80, 0xf7, 0xd7, 0x8b, 0xdb, 0xef, 0xa0, 0xcc, 0xe0, 0x8d, 0xe3, 0xe4, 0x9d, 0xc0,
		0xd9, 0x91, 0xe6, 0xd1, 0x89, 0xe6, 0xc3, 0x8b, 0xca, 0xf9, 0xa2, 0xee, 0xf5, 0x8f, 0xcf, 0xc6,
		0x89, 0xe0, 0xd4, 0x8d, 0xc6, 0xd2, 0x8b, 0xf1, 0xcc, 0x4d, 0x66, 0x87, 0xfa, 0xda, 0x80, 0xfe,
		0xd8, 0x89, 0xd9, 0xff, 0xa0, 0xf9, 0xc4, 0x81, 0xdf, 0xed, 0x9e, 0xcd, 0xe7, 0x90, 0xd5, 0xdf,
		0x89, 0xe4, 0xe6, 0x84, 0xdf, 0xdf, 0xae, 0xd2, 0xfd, 0x86, 0xfb, 0xf6, 0x6b, 0x5f, 0x4d, 0x45,
		0x9e, 0xcb, 0xee, 0x92, 0xf5, 0xe8, 0x8a, 0xee, 0xe1, 0x8b, 0xda, 0xc8, 0xa9, 0xd3, 0xd8, 0x8f,
		0xca, 0xce, 0x8e, 0xd2, 0xf9, 0x83, 0xf2, 0xcb, 0x88, 0xf0, 0xe6, 0xa2, 0xf7, 0xdf, 0x86, 0xcc,
		0xe8, 0x90, 0xfc, 0xc2, 0x90, 0xd1, 0xfd, 0x89, 0xe4, 0xd9, 0x87, 0xd8, 0xeb, 0x61, 0x2f, 0x24,
		0x20, 0x68, 0x89, 0xe6, 0xd3, 0x85, 0xf0, 0xc8, 0xa4, 0xfe, 0xf9, 0x46, 0xa1, 0xf9, 0xd1, 0x88,
		0xee, 0xcb, 0x9f, 0xfa, 0xfd, 0x92, 0xf7, 0xc3, 0x8a, 0xee, 0xe1, 0x8b, 0xda, 0xc8, 0x4b, 0x5c,
		0x5a, 0x49, 0xa2, 0xf0, 0xdb, 0x88, 0xfa, 0xca, 0x91, 0xc6, 0xe3, 0x92, 0xf7, 0xc3, 0x83, 0xdd,
		0xf4, 0x85, 0xef, 0xf2, 0x63, 0x88, 0xe0, 0xd2, 0xa2, 0xeb, 0xda, 0x4c, 0x8a, 0xe2, 0xf5, 0xa7,
		0xf0, 0xf0, 0x8d, 0xff, 0xd6, 0x43, 0x8b, 0xcd, 0xec, 0x9d, 0xc4, 0xc6, 0x9c, 0xc6, 0xc3, 0x88,
		0xdd, 0xde, 0x41, 0x4a, 0x5a, 0xa7, 0xd2, 0xfb, 0x8f, 0xf3, 0xf2, 0x86, 0xce, 0xf7, 0x82, 0xd1,
		0xf7, 0x4c, 0x5b, 0x4b, 0xae, 0xec, 0xe7, 0x8b, 0xf3, 0xf4, 0x9d, 0xc9, 0xe8, 0x92, 0xf7, 0xd7,
		0x4e, 0x6b, 0x5d, 0x4d, 0x45, 0x90, 0xee, 0xc3, 0x91, 0xcb, 0xc4, 0x8a, 0xd2, 0xf5, 0x86, 0xe9,
		0xee, 0xae, 0xd2, 0xee, 0x8c, 0xc9, 0xd7, 0x87, 0xe0, 0xea, 0x80, 0xfd, 0xf6, 0x8a, 0xc9, 0xfa,
		0xa1, 0xf8, 0xda, 0x8b, 0xe4, 0xde, 0x9e, 0xc5, 0xe1, 0x91, 0xf2, 0xf9, 0x83, 0xdd, 0xe2, 0x87,
		0xda, 0xe5, 0xa6, 0xfb, 0xed, 0x8f, 0xcd, 0xec, 0x87, 0xf2, 0xcc, 0x8c, 0xe4, 0xc1, 0x88, 0xc5,
		0xeb, 0x4d, 0x58, 0x4f, 0x4e, 0x8b, 0xc2, 0xea, 0xa9, 0xe7, 0xc6, 0x8c, 0xcf, 0xeb, 0x87, 0xe3,
		0xc1, 0x8a, 0xc4, 0xdb, 0x8a, 0xcf, 0xe7, 0x65, 0x8a, 0xf5, 0xd5, 0x86, 0xe2, 0xc3, 0xa9, 0xee,
		0xf1, 0x4b, 0xaf, 0xcb, 0xe7, 0x86, 0xc4, 0xf7, 0x9d, 0xc9, 0xe9, 0x92, 0xe4, 0xe5, 0x88, 0xd9,
		0xd4, 0x41, 0x80, 0xd6, 0xc8, 0x8b, 0xf1, 0xc1, 0xa0, 0xcc, 0xf5, 0x89, 0xca, 0xd3, 0x9d, 0xd0,
		0xf6, 0x56, 0x46, 0x65, 0x85, 0xe1, 0xe8, 0x86, 0xf5, 0xe9, 0xa4, 0xd9, 0xd1, 0x8e, 0xef, 0xe7,
		0x84, 0xd6, 0xeb, 0x47, 0x90, 0xe6, 0xe8, 0x9c, 0xce, 0xd5, 0x66, 0x6b, 0x89, 0xc7, 0xdf, 0x9c,
		0xff, 0xe5, 0x9b, 0xd5, 0xdd, 0x66, 0x89, 0xd0, 0xf0, 0x80, 0xfd, 0xe4, 0x81, 0xc8, 0xf3, 0xa2,
		0xea, 0xf8, 0x8a, 0xdb, 0xcf, 0x9f, 0xe9, 0xe5, 0x91, 0xd3, 0xc8, 0x85, 0xfb, 0xfe, 0x8b, 0xf2,
		0xf7, 0xa9, 0xe9, 0xde, 0x8c, 0xf0, 0xdd, 0x85, 0xd6, 0xee, 0x80, 0xe4, 0xe9, 0x8a, 0xcf, 0xd2,
		0xa2, 0xe6, 0xc0, 0x89, 0xcd, 0xc4, 0x9f, 0xd1, 0xe8, 0x91, 0xf0, 0xef, 0x8a, 0xf9, 0xd0, 0x84,
		0xc1, 0xc2, 0x4b, 0x86, 0xca, 0xfa, 0xa2, 0xeb, 0xdb, 0x81, 0xdf, 0xff, 0x9d, 0xc9, 0xe8, 0x92,
		0xf7, 0xd7, 0x4c, 0x36, 0x07, 0x0d, 0x01, 0x17, 0x36, 0x1d, 0x54, 0x81, 0xf8, 0xf7, 0x86, 0xc6,
		0xe8, 0x83, 0xe6, 0xdb, 0x8a, 0xcc, 0xd7, 0xa1, 0xf0, 0xdb, 0x8b, 0xeb, 0xd3, 0x97, 0xfd, 0xe6,
		0x3a, 0x1d, 0x16, 0x19, 0x04, 0x1c, 0x1a, 0x36, 0x01, 0x32, 0x1a, 0x11, 0x04, 0x0e, 0x02, 0x07,
		0x01, 0x11, 0x08, 0x19, 0x35, 0x07, 0x1b, 0x07, 0x67, 0x43, 0x41, 0x2d, 0x11, 0x00, 0x19, 0x35,
		0x0b, 0x20, 0x06, 0x28, 0x00, 0x09, 0x0b, 0x0f, 0x15, 0x4b, 0x73, 0x3d, 0x1a, 0x08, 0x37, 0x1f,
		0x09, 0x01, 0x17, 0x8a, 0xc4, 0xc8, 0x81, 0xc8, 0xe5, 0xa2, 0xc3, 0xd8, 0x88, 0xcc, 0xf1, 0x9e,
		0xe1, 0xe9, 0x91, 0xee, 0xc1, 0x84, 0xde, 0xf5, 0x84, 0xcd, 0xf3, 0xa4, 0xe6, 0xe3, 0x81, 0xe6,
		0xc4, 0x85, 0xd6, 0xed, 0x45, 0x39, 0x11, 0x27, 0x54, 0x8f, 0xd9, 0xf6, 0x85, 0xd6, 0xdd, 0x82,
		0xc3, 0xd2, 0x88, 0xea, 0xf5, 0xa0, 0xf6, 0xe5, 0x8b, 0xd4, 0xcb, 0x9d, 0xfd, 0xec, 0x9b, 0xd5,
		0xcb, 0x8b, 0xdd, 0xf8, 0x86, 0xe3, 0xe1, 0x61, 0x3e, 0x3b, 0x2a, 0x67, 0x85, 0xcb, 0xe2, 0x8b,
		0xca, 0xf9, 0xa9, 0xd1, 0xef, 0x8e, 0xef, 0xe7, 0x84, 0xf2, 0xcb, 0x81, 0xc0, 0xcc, 0x8b, 0xe4,
		0xe5, 0xa1, 0xf2, 0xfb, 0x8a, 0xdb, 0xdb, 0x9e, 0xd7, 0xd7, 0x91, 0xd5, 0xc8, 0x88, 0xd9, 0xe5,
		0x84, 0xff, 0xfc, 0xa4, 0xe1, 0xdb, 0x81, 0xe0, 0xed, 0x87, 0xee, 0xc4, 0x6f, 0x72, 0xa9, 0xd0,
		0xe7, 0x8c, 0xc2, 0xc9, 0x8e, 0xd2, 0xf9, 0x80, 0xfe, 0xd8, 0x8a, 0xcc, 0xe9, 0xa3, 0xd4, 0xcb,
		0x87, 0xf7, 0xcb, 0x9f, 0xda, 0xf6, 0x9c, 0xc7, 0xf7, 0x89, 0xdc, 0xfb, 0x86, 0xfc, 0xd0, 0xa6,
		0xc4, 0xf7, 0x8c, 0xc8, 0xfa, 0x84, 0xc1, 0xe5, 0x82, 0xd8, 0xc0, 0x64, 0x9c, 0xd7, 0xd4, 0x89,
		0xe6, 0xd4, 0x8c, 0xd9, 0xe2, 0xa6, 0xce, 0xe0, 0x8e, 0xee, 0xda, 0x41, 0x39, 0x0a, 0x0b, 0x1c,
		0x2e, 0x19, 0x07, 0x49, 0xaf, 0xd2, 0xf2, 0x8b, 0xe6, 0xc0, 0x9e, 0xf7, 0xe6, 0x92, 0xe8, 0xe8,
		0x89, 0xc5, 0xea, 0x84, 0xf5, 0xfe, 0xa7, 0xf2, 0xce, 0x8c, 0xcf, 0xda, 0x8e, 0xd2, 0xeb, 0x22,
		0x1d, 0x35, 0x23, 0x11, 0x1a, 0x34, 0x0d, 0x06, 0x0b, 0x43, 0x4a, 0x58, 0x15, 0x1c, 0x15, 0x07,
		0x34, 0x00, 0x00, 0x1a, 0x06, 0x28, 0x1d, 0x32, 0x1d, 0x15, 0x0e, 0x22, 0x4c, 0x4e, 0x4e, 0x27,
		0x0c, 0x0b, 0x31, 0x0f, 0x00, 0x0a, 0x2f, 0x21, 0x04, 0x1d, 0x10, 0x04, 0x1f, 0x24, 0x81, 0xc8,
		0xe0, 0xa8, 0xd0, 0xed, 0x8b, 0xeb, 0xe3, 0x9e, 0xdf, 0xfe, 0x54, 0x3e, 0x0a, 0x33, 0x2a, 0x2b,
		0x3a, 0x21, 0x37, 0x16, 0x20, 0x5b, 0x3e, 0x0a, 0x33, 0x22, 0x26, 0x22, 0x37, 0x58, 0xa7, 0xd8,
		0xfc, 0x8f, 0xc6, 0xc3, 0x84, 0xf2, 0xcb, 0x83, 0xd8, 0xc6, 0x8b, 0xf3, 0xef, 0xaf, 0xd2, 0xf2,
		0x8b, 0xe6, 0xc0, 0x9f, 0xef, 0xcf, 0x93, 0xd3, 0xf8, 0x88, 0xd9, 0xc3, 0x84, 0xff, 0xfc, 0xa5,
		0xd2, 0xd4, 0x80, 0xc7, 0xfe, 0x89, 0xd9, 0xcc, 0x80, 0xc6, 0xc5, 0x81, 0xc8, 0xe5, 0xa0, 0xd0,
		0xf7, 0x8b, 0xe5, 0xfc, 0x9e, 0xdd, 0xee, 0x91, 0xd9, 0xc8, 0x4c, 0x31, 0x21, 0x20, 0x45, 0x91,
		0xeb, 0xe2, 0x9c, 0xc6, 0xc6, 0x8a, 0xd7, 0xe6, 0x85, 0xe4, 0xd7, 0xa8, 0xfc, 0xdd, 0x8c, 0xc8,
		0xfa, 0x86, 0xf4, 0xe7, 0x83, 0xf2, 0xc1, 0x88, 0xe8, 0xc6, 0xa2, 0xe3, 0xce, 0x86, 0xc2, 0xe9,
		0x9e, 0xc1, 0xc9, 0x7e, 0x63, 0xaf, 0xd2, 0xf2, 0x8b, 0xe6, 0xc0, 0x97, 0xfd, 0xf4, 0x93, 0xd5,
		0xd1, 0x89, 0xe7, 0xf7, 0x87, 0xdd, 0xd5, 0xa8, 0xf9, 0xc0, 0x8d, 0xfd, 0xd6, 0x87, 0xfa, 0xd8,
		0x80, 0xff, 0xfa, 0x8b, 0xc3, 0xcc, 0xa2, 0xe9, 0xd6, 0x64, 0x8b, 0xdb, 0xeb, 0xa4, 0xe9, 0xce,
		0x86, 0xfb, 0xf6, 0x84, 0xe6, 0xe5, 0x83, 0xe6, 0xd1, 0x89, 0xc9, 0xf8, 0xa0, 0xd7, 0xfd, 0x8a,
		0xd8, 0xc6, 0x9f, 0xd1, 0xe8, 0x92, 0xf7, 0xf1, 0x8a, 0xff, 0xea, 0x87, 0xdd, 0xd5, 0x61, 0x26,
		0x20, 0x3d, 0x17, 0x43, 0x29, 0x3a, 0x37, 0x35, 0x2b, 0x61, 0x88, 0xc1, 0xe8, 0xae, 0xeb, 0xee,
		0x86, 0xde, 0xc9, 0x9d, 0xce, 0xff, 0x93, 0xf3, 0xc3, 0x8a, 0xeb, 0xee, 0x85, 0xf9, 0xd7, 0xa4,
		0xc0, 0xea, 0x8e, 0xc9, 0xdc, 0x8e, 0xd2, 0xef, 0x82, 0xd8, 0xd5, 0x89, 0xdd, 0xdf, 0x67, 0x38,
		0x2d, 0x3d, 0x43, 0x81, 0xc0, 0xec, 0x87, 0xe3, 0xdd, 0xa3, 0xd6, 0xdb, 0x86, 0xcc, 0xe4, 0x9c,
		0xf8, 0xc8, 0x92, 0xf2, 0xf8, 0x8a, 0xec, 0xcc, 0x84, 0xff, 0xfc, 0xa7, 0xe1, 0xd5, 0x8f, 0xce,
		0xe7, 0x87, 0xdb, 0xe2, 0x82, 0xd0, 0xca, 0x81, 0xc8, 0xe5, 0xa0, 0xd0, 0xf7, 0x8b, 0xe5, 0xfc,
		0x9e, 0xdd, 0xc2, 0x91, 0xf5, 0xf7, 0x88, 0xda, 0xcd, 0x84, 0xf5, 0xfe, 0xa7, 0xf2, 0xf9, 0x8c,
		0xcd, 0xcd, 0x84, 0xf7, 0xcb, 0x8c, 0xd2, 0xcd, 0x86, 0xdb, 0xe8, 0xaf, 0xc3, 0xd6, 0x88, 0xd2,
		0xe7, 0x57, 0xa4, 0xfd, 0xf9, 0x8c, 0xfd, 0xf8, 0x87, 0xe5, 0xc5, 0x83, 0xf0, 0xeb, 0x8a, 0xcc,
		0xe7, 0xae, 0xeb, 0xec, 0x88, 0xf7, 0xdb, 0x9f, 0xdb, 0xea, 0x92, 0xe3, 0xc7, 0x8a, 0xfd, 0xc1,
		0x86, 0xea, 0xd7, 0xa9, 0xcf, 0xf8, 0x8f, 0xc7, 0xcb, 0x6b, 0x64, 0x8b, 0xdb, 0xeb, 0xa4, 0xeb,
		0xd1, 0x86, 0xfb, 0xf6, 0x86, 0xfa, 0xcb, 0x28, 0x1d, 0x35, 0x0f, 0x07, 0x19, 0x2b, 0x03, 0x08,
		0x1a, 0x85, 0xd0, 0xf3, 0xa9, 0xc1, 0xe1, 0x8f, 0xfb, 0xe3, 0x87, 0xda, 0xfd, 0x80, 0xf0, 0xe8,
		0x89, 0xe0, 0xc1, 0x4d, 0x84, 0xdf, 0xfd, 0x86, 0xe2, 0xc2, 0xae, 0xd2, 0xee, 0x8e, 0xe7, 0xf8,
		0x86, 0xc7, 0xd5, 0x45, 0x35, 0x24, 0x1a, 0x15, 0x1a, 0x37, 0x00, 0x0e, 0x07, 0x17, 0x45, 0x3e,
		0x33, 0x0f, 0x19, 0x0c, 0x30, 0x03, 0x13, 0x05, 0x43, 0x82, 0xe2, 0xc5, 0x88, 0xdc, 0xc8, 0xa2,
		0xf1, 0xf6, 0x88, 0xfd, 0xd3, 0x9e, 0xdf, 0xea, 0x90, 0xd1, 0xc9, 0x84, 0xdc, 0xd3, 0x8b, 0xe8,
		0xcf, 0xa6, 0xfa, 0xeb, 0x8f, 0xcf, 0xfc, 0x87, 0xdb, 0xe2, 0x82, 0xd0, 0xca, 0x81, 0xc8, 0xe5,
		0xa2, 0xe4, 0xe7, 0x88, 0xfd, 0xf5, 0x58, 0x24, 0x16, 0x04, 0x05, 0x28, 0x05, 0x15, 0x41, 0x0e,
		0x00, 0x0c, 0x24, 0x1c, 0x04, 0x1b, 0x22, 0x18, 0x04, 0x1c, 0x43, 0x82, 0xe2, 0xc5, 0x8b, 0xc3,
		0xcc, 0xa3, 0xd1, 0xfd, 0x8b, 0xed, 0xfa, 0x9f, 0xd1, 0xe8, 0x9b, 0xd5, 0xcb, 0x8b, 0xdd, 0xf8,
		0x86, 0xe3, 0xe1, 0xa9, 0xe9, 0xde, 0x8c, 0xe9, 0xf6, 0x85, 0xd7, 0xea, 0x83, 0xd0, 0xe0, 0x8b,
		0xe9, 0xfe, 0xae, 0xc6, 0xed, 0x86, 0xcc, 0xe4, 0x9e, 0xfd, 0xe1, 0x92, 0xdd, 0xd9, 0x84, 0xc6,
		0xc8, 0x86, 0xea, 0xe9, 0xa6, 0xf4, 0xf0, 0x8f, 0xcd, 0xec, 0x87, 0xf2, 0xcc, 0x8d, 0xcf, 0xee,
		0x8b, 0xca, 0xed, 0x4d, 0x66, 0x89, 0xd0, 0xf0, 0x80, 0xfd, 0xe4, 0x81, 0xc8, 0xf3, 0xa2, 0xea,
		0xf8, 0x8a, 0xdb, 0xe5, 0x9c, 0xf9, 0xc4, 0x93, 0xd2, 0xd2, 0x84, 0xde, 0xe9, 0x86, 0xea, 0xf5,
		0xa5, 0xd3, 0xe8, 0x8c, 0xfb, 0xe6, 0x86, 0xf4, 0xe7, 0x80, 0xdc, 0xd7, 0x88, 0xf8, 0xeb, 0x4d,
		0x84, 0xdf, 0xfd, 0x86, 0xe2, 0xc2, 0xae, 0xd2, 0xee, 0x8c, 0xcf, 0xea, 0x87, 0xf0, 0xf3, 0x80,
		0xf7, 0xcc, 0x8a, 0xc9, 0xf5, 0xa2, 0xd0, 0xeb, 0x89, 0xd0, 0xde, 0x9f, 0xfa, 0xf1, 0x93, 0xf3,
		0xc3, 0x89, 0xfa, 0xf0, 0x8b, 0xd5, 0xfb, 0xa7, 0xdd, 0xdc, 0x8c, 0xc1, 0xe0, 0x86, 0xec, 0xda,
		0x8a, 0xc4, 0xc9, 0x3e, 0x07, 0x3a, 0x22, 0x18, 0x22, 0x1c, 0x06, 0x04, 0x0c, 0x24, 0x3e, 0x06,
		0x06, 0x24, 0x09, 0x12, 0x1d, 0x2d, 0x0a, 0x0c, 0x28, 0x08, 0x0d, 0x3b, 0x28, 0x19, 0x15, 0x07,
		0x0d, 0x00, 0x58, 0x6e, 0x4e, 0x3b, 0x0b, 0x15, 0x09, 0x06, 0x07, 0x10, 0x11, 0x1d, 0x33, 0x2d,
		0x15, 0x05, 0x2b, 0x0e, 0x00, 0x0d, 0x08, 0x16, 0x97, 0xfd, 0xe7, 0x9b, 0xd5, 0xcb, 0x8b, 0xc1,
		0xfa, 0x84, 0xcc, 0xce, 0xa7, 0xcd, 0xf4, 0x8f, 0xf2, 0xe7, 0x88, 0xee, 0xd8, 0x8d, 0xc6, 0xd0,
		0x89, 0xee, 0xed, 0xa2, 0xc2, 0xff, 0x89, 0xed, 0xd5, 0x9e, 0xdd, 0xd4, 0x91, 0xe1, 0xf1, 0x83,
		0xdd, 0xe2, 0x84, 0xd9, 0xee, 0xa4, 0xe8, 0xed, 0x8f, 0xdb, 0xec, 0x84, 0xde, 0xec, 0x45, 0x28,
		0x0e, 0x2d, 0x54, 0x80, 0xed, 0xe0, 0x89, 0xc1, 0xe2, 0x83, 0xdb, 0xc1, 0x88, 0xc1, 0xe2, 0xa0,
		0xd7, 0xf4, 0x86, 0xdc, 0xe2, 0x9f, 0xdb, 0xea, 0x92, 0xe3, 0xc7, 0x8a, 0xfd, 0xc1, 0x86, 0xea,
		0xd7, 0xa9, 0xcf, 0xf8, 0x8f, 0xc7, 0xcb, 0x6b, 0x64, 0x86, 0xea, 0xd2, 0xa9, 0xd0, 0xe7, 0x8c,
		0xc0, 0xd6, 0x87, 0xfa, 0xda, 0x80, 0xfe, 0xd8, 0x8b, 0xe4, 0xe7, 0xa0, 0xf6, 0xe5, 0x88, 0xd5,
		0xed, 0x9e, 0xc0, 0xc1, 0x92, 0xc4, 0xe4, 0x8a, 0xf7, 0xe9, 0x8c, 0xd9, 0xf4, 0xa5, 0xd6, 0xf9,
		0x81, 0xe1, 0xed, 0x88, 0xf7, 0xe7, 0x80, 0xf2, 0xe1, 0x86, 0xd3, 0xca, 0xae, 0xeb, 0xeb, 0x8d,
		0xe3, 0xe7, 0x72,
	},
	"data/qa.json": {
		0x03, 0x4b, 0x4e, 0x54, 0x4b, 0x31, 0x09, 0x13, 0x1d, 0x0a, 0x0a, 0x16, 0x63, 0x54, 0x54, 0x58,
		0x6b, 0x66, 0x41, 0x4e, 0x41, 0x10, 0x08, 0x25, 0x0f, 0x00, 0x0c, 0x23, 0x33, 0x00, 0x1a, 0x41,
		0x5f, 0x58, 0x63, 0x5c, 0x44, 0x5b, 0x71, 0x41, 0x51, 0x56, 0x4e, 0x54, 0x4b, 0x63, 0x42, 0x7e,
		0x49, 0x67, 0x4e, 0x08, 0x1a, 0x06, 0x08, 0x0b, 0x63, 0x54, 0x54, 0x32, 0x4d, 0x4c, 0x41, 0x4e,
		0x43, 0x1e, 0x72, 0x61, 0x4e, 0x54, 0x49, 0x67, 0x4c, 0x43, 0x1f, 0x16, 0x00, 0x0b, 0x35, 0x07,
		0x1b, 0x07, 0x65, 0x56, 0x41, 0x4c, 0x86, 0xe2, 0xc2, 0xa6, 0xe0, 0xc4, 0x49, 0x29, 0x03, 0x41,
		0x06, 0x06, 0x09, 0x15, 0x39, 0x40, 0x17, 0x06, 0x29, 0x0a, 0x08, 0x09, 0x4d, 0x0f, 0x0b, 0x2e,
		0x00, 0x54, 0x8f, 0xc7, 0xe2, 0x85, 0xd7, 0xeb, 0x80, 0xf2, 0xdf, 0x81, 0xc8, 0xf6, 0x65, 0x40,
		0x6b, 0x4e, 0x43, 0x45, 0x58, 0x61, 0x4e, 0x56, 0x08, 0x29, 0x1f, 0x16, 0x0b, 0x11, 0x47, 0x42,
		0x61, 0x4c, 0x1c, 0x0c, 0x2b, 0x01, 0x19, 0x40, 0x00, 0x0a, 0x16, 0x27, 0x07, 0x13, 0x47, 0x2d,
		0x1f, 0x0e, 0x00, 0x43, 0x83, 0xe0, 0xee, 0x8b, 0xfb, 0xc6, 0xae, 0xec, 0xe8, 0x87, 0xe6, 0xe8,
		0x9f, 0xfc, 0xc0, 0x97, 0xe9, 0xc5, 0x1a, 0x51, 0x40, 0x53, 0x4b, 0x4f, 0x61, 0x8a, 0xc8, 0xf3,
		0xa3, 0xd1, 0xde, 0x89, 0xf7, 0xcd, 0x9d, 0xc7, 0xeb, 0x93, 0xd4, 0xe9, 0x85, 0xda, 0xf6, 0x8b,
		0xcb, 0xdc, 0xa4, 0xee, 0xc8, 0x86, 0xfb, 0xf7, 0x88, 0xf2, 0xe3, 0x8d, 0xde, 0xc0, 0x88, 0xe0,
		0xd0, 0xa2, 0xea, 0xf8, 0x8b, 0xfa, 0xcd, 0x9e, 0xd6, 0xd8, 0x9b, 0xd5, 0xcb, 0x89, 0xfd, 0xc6,
		0x43, 0x32, 0x1d, 0x23, 0x3b, 0x3d, 0x49, 0xa0, 0xf6, 0xe5, 0x8c, 0xe3, 0xf9, 0x9e, 0xd5, 0xd7,
		0x91, 0xef, 0xde, 0x89, 0xf8, 0xc6, 0x81, 0xe5, 0xe5, 0xa8, 0xcf, 0xc1, 0x80, 0xda, 0xce, 0x85,
		0xd1, 0xfe, 0x80, 0xd5, 0xd9, 0x8a, 0xcc, 0xe9, 0xa1, 0xc0, 0xc0, 0x87, 0xe6, 0xe8, 0x9f, 0xfc,
		0xc0, 0x91, 0xe4, 0xf4, 0x89, 0xee, 0xc1, 0x8b, 0xe2, 0xd2, 0xa4, 0xe4, 0xdc, 0x8c, 0xcf, 0xf7,
		0x84, 0xd5, 0xd9, 0x80, 0xf0, 0xf1, 0x4e, 0x51, 0x28, 0x17, 0x3c, 0x25, 0x2f, 0x37, 0x24, 0x5d,
		0x1d, 0x32, 0x1c, 0x0c, 0x2b, 0x01, 0x19, 0x40, 0x00, 0x0a, 0x16, 0x27, 0x07, 0x13, 0x47, 0x2d,
		0x1f, 0x0e, 0x00, 0x80, 0xe5, 0xfa, 0x63, 0x64, 0x54, 0x49, 0x67, 0x4c, 0x1c, 0x42, 0x69, 0x45,
		0x58, 0x61, 0x4e, 0x0f, 0x63, 0x67, 0x4c, 0x41, 0x4e, 0x43, 0x45, 0x5a, 0x30, 0x1b, 0x11, 0x1a,
		0x33, 0x05, 0x0e, 0x00, 0x41, 0x5f, 0x58, 0x63, 0x8a, 0xcc, 0xd3, 0xa3, 0xd7, 0xe1, 0x8a, 0xda,
		0xed, 0x9d, 0xd1, 0xc1, 0x91, 0xe3, 0xef, 0x89, 0xf1, 0xe0, 0x85, 0xea, 0xe8, 0xa6, 0xca, 0xce,
		0x49, 0x24, 0x03, 0x0f, 0x08, 0x0a, 0x02, 0x58, 0x29, 0x0f, 0x07, 0x49, 0x29, 0x03, 0x41, 0x0c,
		0x02, 0x16, 0x1d, 0x1e, 0x1b, 0x06, 0x05, 0xa8, 0xd0, 0xfe, 0x4c, 0x4f, 0x6f, 0x58, 0x61, 0x4e,
		0x54, 0x49, 0x67, 0x4e, 0x00, 0x00, 0x10, 0x12, 0x1d, 0x33, 0x4c, 0x4e, 0x49, 0x65, 0x89, 0xdc,
		0xfd, 0x86, 0xec, 0xf5, 0x61, 0x2d, 0x1b, 0x0d, 0x22, 0x14, 0x41, 0x8a, 0xdd, 0xfe, 0x9d, 0xfb,
		0xfa, 0x91, 0xfc, 0xc1, 0x8a, 0xd3, 0xcf, 0x85, 0xf9, 0xf1, 0xa4, 0xe1, 0xdb, 0x8e, 0xd3, 0xc4,
		0x86, 0xf4, 0xe7, 0x45, 0x1a, 0x20, 0x1d, 0x11, 0x36, 0x32, 0x1e, 0x0d, 0x8d, 0xe3, 0xe7, 0x9d,
		0xc4, 0xe6, 0x91, 0xf5, 0xef, 0x4c, 0x22, 0x01, 0x07, 0x00, 0x00, 0x61, 0x88, 0xfc, 0xff, 0x67,
		0x2f, 0x22, 0x4e, 0x30, 0x12, 0x11, 0x35, 0x0d, 0x1c, 0x49, 0xa3, 0xd4, 0xcc, 0x87, 0xe3, 0xec,
		0x9d, 0xe4, 0xd3, 0x90, 0xd7, 0xdc, 0x89, 0xdb, 0xfa, 0x86, 0xf0, 0xfe, 0xae, 0xd2, 0xf8, 0x8c,
		0xc1, 0xe1, 0x88, 0xe9, 0xee, 0x80, 0xe8, 0xee, 0x4e, 0x1c, 0x0c, 0x2b, 0x01, 0x4c, 0x16, 0x80,
		0xe5, 0xfa, 0x63, 0x64, 0x54, 0x49, 0x67, 0x4c, 0x1c, 0x42, 0x69, 0x45, 0x58, 0x61, 0x4e, 0x0f,
		0x63, 0x67, 0x4c, 0x41, 0x4e, 0x43, 0x45, 0x5a, 0x30, 0x1b, 0x11, 0x1a, 0x33, 0x05, 0x0e, 0x00,
		0x41, 0x5f, 0x58, 0x63, 0x8a, 0xcc, 0xd3, 0xa3, 0xd7, 0xe1, 0x8a, 0xda, 0xed, 0x58, 0x02, 0x01,
		0x10, 0x0c, 0x3f, 0x4c, 0x86, 0xf4, 0xe7, 0x45, 0x1b, 0x2e, 0x00, 0x12, 0x00, 0x20, 0x42, 0x15,
		0x01, 0x0e, 0x09, 0x58, 0xa9, 0xc1, 0xd9, 0x8f, 0xf4, 0xf9, 0x87, 0xe3, 0xfc, 0x80, 0xe5, 0xce,
		0x81, 0xc8, 0xf6, 0x65, 0x40, 0x6b, 0x4e, 0x43, 0x45, 0x58, 0x61, 0x4e, 0x56, 0x08, 0x29, 0x1f,
		0x16, 0x0b, 0x11, 0x47, 0x42, 0x61, 0x4c, 0x91, 0xec, 0xcf, 0x89, 0xe4, 0xdd, 0x8a, 0xf2, 0xd5,
		0xa7, 0xc3, 0xd7, 0x8c, 0xdb, 0xc4, 0x89, 0xd1, 0xf3, 0x8d, 0xd9, 0xcd, 0x89, 0xee, 0xed, 0xa1,
		0xfb, 0xc6, 0x89, 0xea, 0xed, 0x58, 0x29, 0x0b, 0x18, 0x04, 0x6a, 0x14, 0x8e, 0xd2, 0xef, 0x81,
		0xc5, 0xfe, 0x89, 0xe0, 0xc1, 0xa1, 0xf0, 0xe1, 0x88, 0xf5, 0xd5, 0x9f, 0xc8, 0xe6, 0x9d, 0xee,
		0xca, 0x8a, 0xf7, 0xde, 0x86, 0xf5, 0xd7, 0xa4, 0xe4, 0xdc, 0x8a, 0xc7, 0xee, 0x87, 0xf2, 0xe3,
		0x83, 0xee, 0xf1, 0x89, 0xfd, 0xe1, 0xae, 0xeb, 0xe6, 0x89, 0xf7, 0xcd, 0x9d, 0xcf, 0xf1, 0x91,
		0xc4, 0xd7, 0x89, 0xe7, 0xf7, 0x86, 0xe0, 0xdd, 0xa4, 0xd7, 0xc2, 0x8f, 0xe7, 0xcd, 0x88, 0xc4,
		0xef, 0x45, 0x2c, 0x0e, 0x23, 0x38, 0x86, 0xfb, 0xe0, 0x88, 0xef, 0xdc, 0x80, 0xfd, 0xcc, 0x4e,
		0x21, 0x3b, 0x0b, 0x4c, 0x85, 0xd6, 0xed, 0x81, 0xc0, 0xca, 0x8a, 0xcc, 0xe9, 0xaf, 0xe6, 0xe3,
		0x87, 0xe6, 0xe8, 0x9f, 0xfc, 0xc0, 0x93, 0xdb, 0xdf, 0x84, 0xde, 0xf0, 0x80, 0xe5, 0xfa, 0x63,
		0x64, 0x54, 0x49, 0x67, 0x4c, 0x1c, 0x42, 0x69, 0x45, 0x58, 0x61, 0x4e, 0x0f, 0x63, 0x67, 0x4c,
		0x41, 0x4e, 0x43, 0x45, 0x5a, 0x30, 0x1b, 0x11, 0x1a, 0x33, 0x05, 0x0e, 0x00, 0x41, 0x5f, 0x58,
		0x63, 0x2d, 0x1b, 0x07, 0x33, 0x09, 0x19, 0x1a, 0x43, 0x22, 0x19, 0x33, 0x0a, 0x11, 0x07, 0x22,
		0x1e, 0x41, 0x8b, 0xc5, 0xe7, 0x9c, 0xfc, 0xfb, 0x9d, 0xec, 0xca, 0x8b, 0xdc, 0xc0, 0x8c, 0xd9,
		0xe7, 0x63, 0x42, 0x7e, 0x49, 0x67, 0x4c, 0x41, 0x4e, 0x43, 0x47, 0x19, 0x2f, 0x1d, 0x03, 0x0c,
		0x35, 0x4e, 0x5b, 0x4e, 0x41, 0x8d, 0xc7, 0xda, 0x8b, 0xf1, 0xcc, 0x67, 0x3b, 0x04, 0x0c, 0x36,
		0x2c, 0x58, 0xa6, 0xf4, 0xf0, 0x8b, 0xc7, 0xf0, 0x85, 0xd6, 0xe9, 0x81, 0xc0, 0xca, 0x88, 0xe2,
		0xee, 0xa5, 0xec, 0xfc, 0x87, 0xc2, 0xd0, 0x91, 0xdc, 0xcc, 0x9b, 0xd5, 0xcb, 0x89, 0xee, 0xc1,
		0x8b, 0xcb, 0xc6, 0xa6, 0xd3, 0xda, 0x8c, 0xd7, 0xc3, 0x86, 0xfa, 0xcb, 0x82, 0xf2, 0xf7, 0x88,
		0xf4, 0xe8, 0xa4, 0xec, 0xe0, 0x8b, 0xd4, 0xc0, 0x9d, 0xc4, 0xd9, 0x9c, 0xd7, 0xd4, 0x89, 0xe6,
		0xd4, 0x8b, 0xc6, 0xf9, 0xa4, 0xe7, 0xde, 0x80, 0xdf, 0xe4, 0x84, 0xee, 0xdf, 0x86, 0xf8, 0xc0,
		0x8b, 0xc3, 0xcc, 0xa2, 0xe9, 0xd6, 0x86, 0xdd, 0xf6, 0x9d, 0xc6, 0xd4, 0x54, 0x1d, 0x28, 0x07,
		0x04, 0x00, 0x43, 0x81, 0xc0, 0xcb, 0x87, 0xed, 0xf9, 0xa4, 0xec, 0xe0, 0x86, 0xe4, 0xcf, 0x9d,
		0xcb, 0xc6, 0x91, 0xe7, 0xcc, 0x8b, 0xdd, 0xc7, 0x8a, 0xfd, 0xf0, 0xa4, 0xee, 0xc8, 0x8c, 0xd5,
		0xe0, 0x89, 0xc0, 0xc2, 0x82, 0xd6, 0xd6, 0x86, 0xf8, 0xea, 0xa2, 0xf7, 0xd5, 0x8d, 0xe3, 0xe7,
		0x5a, 0x4b, 0x4e, 0x54, 0x49, 0x67, 0x11, 0x4d, 0x64, 0x43, 0x45, 0x58, 0x61, 0x15, 0x7e, 0x49,
		0x67, 0x4c, 0x41, 0x4e, 0x43, 0x47, 0x09, 0x34, 0x0b, 0x07, 0x1d, 0x2e, 0x03, 0x0f, 0x4c, 0x59,
		0x45, 0x5a, 0xa5, 0xd6, 0xce, 0x8d, 0xfc, 0xec, 0x85, 0xd7, 0xeb, 0x83, 0xef, 0xe4, 0x8b, 0xcb,
		0xfe, 0xa3, 0xd4, 0xe1, 0x89, 0xf8, 0xd1, 0x9d, 0xc9, 0xd9, 0x54, 0x46, 0x26, 0x1c, 0x08, 0x41,
		0x19, 0x1d, 0x0f, 0x2f, 0x81, 0xc8, 0xf6, 0x65, 0x40, 0x6b, 0x4e, 0x43, 0x45, 0x58, 0x61, 0x4e,
		0x56, 0x08, 0x29, 0x1f, 0x16, 0x0b, 0x11, 0x47, 0x42, 0x61, 0x4c, 0x9c, 0xd6, 0xde, 0x8a, 0xf9,
		0xc1, 0x85, 0xf2, 0xdf, 0xa6, 0xe7, 0xfc, 0x80, 0xe6, 0xd9, 0x88, 0xf3, 0xc1, 0x8d, 0xc5, 0xef,
		0x86, 0xdb, 0xcb, 0xa3, 0xd6, 0xc6, 0x89, 0xf7, 0xfa, 0x9f, 0xdb, 0xea, 0x9c, 0xc6, 0xf0, 0x8a,
		0xd0, 0xec, 0x85, 0xf2, 0xdd, 0xa4, 0xd1, 0xe3, 0x8a, 0xc7, 0xee, 0x87, 0xf2, 0xe3, 0x83, 0xee,
		0xf1, 0x89, 0xfd, 0xe1, 0xa2, 0xdb, 0xd3, 0x8b, 0xcc, 0xdc, 0x90, 0xfc, 0xc0, 0x9c, 0xc6, 0xe5,
		0x8a, 0xef, 0xcb, 0x86, 0xea, 0xdb, 0xa8, 0xf7, 0xf9, 0x8c, 0xde, 0xc6, 0x8e, 0xd2, 0xf8, 0x80,
		0xfd, 0xf2, 0x87, 0xe3, 0xc4, 0xa1, 0xfb, 0xc6, 0x86, 0xdc, 0xfe, 0x9f, 0xe9, 0xe5, 0x91, 0xf9,
		0xc9, 0x89, 0xe7, 0xe3, 0x8b, 0xda, 0xe8, 0xa9, 0xcf, 0xf8, 0x8f, 0xd1, 0xdc, 0x86, 0xe7, 0xeb,
		0x86, 0xf8, 0xc3, 0x4c, 0x7e, 0x49, 0x67, 0x4c, 0x41, 0x13, 0x69, 0x45, 0x58, 0x1c, 0x64, 0x09,
		0x63,
	},
}
